店铺名称,页面id,类别,品牌名称,品牌id,品牌logo,评分,平均价格,最低价格,所属地区,地区Id,纬度,经度,详细地址,楼层,地铁站id,停车信息,优惠套餐情况,营业时间,联系电话,累计售出份数,餐厅简介,特色菜,是否小吃,有无外卖,上周订单数,历史订单数,wifi,支持预定
印象豆捞自助烤肉火锅,1180597,自助火锅,印象豆捞自助烤肉火锅,1650592,,3.5,42,49.9,解放西/泰龙城,5312,20.038571,110.338271,龙华区解放西路个体大世界3楼,,,停车位收费标准：大同宾馆可停车 5元/1次,单人午餐49.9元，单人午/晚餐59.8元，双人午餐88元，双人午/晚餐118元，单人午餐196元，单人午/晚餐236元;,周一至周日 11:00-14:00 17:00-22:00,0898-66102206,383415,印象豆捞位于解放西路23号个体大世界商场3楼（友谊商城对面），交通便利，环境优美，环境大气而精致，宽敞而明亮的环境让前去用餐的消费者心情舒适，而时尚雅致的装修也会带给每位前来消费的顾客一个愉悦的心情。,,False,0,676,383415,True,False
圣琼美食百汇自助餐厅(金丽城店),81219161,综合自助,,0,,4.1,53,52.8,人民公园,5312,20.037278,110.336801,龙华区龙华路金丽城2楼,,,,单人午餐52.8元，单人午/晚餐62.8元;,周一至周日 11:00-16:00 17:00-22:00,0898-66245677,317642,,,False,0,456,317642,False,False
爱尚客韩式烤肉自助餐厅,99706080,综合自助,,0,,4.1,54,45.9,京华城,5312,20.027528,110.31748,龙华区玉沙路京华城C区3楼c006-1,3,,停车位收费标准：商场有停车地方,单人午餐45.9元，单人晚餐55.9元;,周一至周日 11:00-22:00,0898-68500328,247665,,,False,0,1217,247665,True,False
亿鑫哇哇香火锅(朱云店),110345781,四川火锅,,0,,3.9,41,66.9,红城湖,5315,20.00322,110.34996,琼山区朱云路与红城湖路交叉口南行100米路西,,,,双人餐66.9元起，2-3人餐68元，4人餐86.9元起，5-6人餐99.9元，5-6人餐128元;,周一至周日 11:00-06:00,0898-65884552,214594,,,False,1,1459,214594,False,False
海岛八号龙虾烧烤田鸡(蓝天路总店),5965949,小龙虾,海岛8號十三香小龙虾,2438166,,4,49,59.9,蓝天路沿线,5313,20.021919,110.344999,美兰区蓝天路15号蓝天路酒吧一条街113、114、115号铺面,,,,2-3人餐59.9元，109.9元招牌小龙虾;,周一至周日 17:30-03:30,0898-65303730,211163,海岛8號音乐吧，是一家不可多得的空中花园音乐吧， 安静且舒适的环境，休闲放松为主题，150寸大屏高清荧幕观看世界杯，感受激情7月。我们为消费者倾力打造一个可以畅享呼吸新鲜空气的好场所，并始终以优良的服务和品质赢得了顾客的信赖，并以您的满意为目的，欢迎大家光临。 繁星下夜空在此品茗着果汁，及各类特色饮品的馨香，享受心灵的舒适，缓解工作生活的压力，感受生活的美好。,,False,1,124,211163,True,False
味道呱呱叫火锅饭店(龙华总店),1484162,川味火锅,,0,,4,50,89.9,亿圣和广场,5313,20.027641,110.339017,龙华区海秀东路13号（彩虹天桥旁，大同路路口）,,,免费提供20个停车位,3-4人餐89.9元;,周一至周日 全天,0898-66797789,210938,味道呱呱叫火锅饭店位于海口市大同路和海秀东路交叉的核心地位（市九中公交站旁），毗邻海口鸿运大酒店。店内主营各种川湘口味菜肴。其中以香辣蛙和猪肚包鸡最为出名，已经在海南做出了属于呱呱叫自己的独特口味，得到广大食客的肯定。本店本着对美味的孜孜追求，积极吸取消费者的意见和建议，同时商家开通微博接受消费者的监督和指导。店内环境和品味在不断得到完善。商家保证所售菜品均足斤足两。,,False,0,1051,210938,True,False
隔壁子串串香(文明中路店),40185259,串串香,,0,,3.9,58,0.8,文明路/和平路,5313,20.039721,110.350517,美兰区文明中路125号勤工俭学大楼2层203室（文明中路市中医院旁边，工商银行正对面）,,,,88元海口_隔壁子串串香2人餐，198元隔壁子串串香3-4人餐;0.8代1元，88代100元;,周一至周日 11:00-23:00,0898-66113919,156230,,,False,0,4,156230,True,False
香辣美,1178532,四川火锅,,0,,4,39,65,东湖,5312,20.034495,110.347849,美兰区海府路1号东昇楼院内,,,免费停车,双人餐65元，3-4人餐88元，3-4人餐88元，4人餐89.9元起，6人餐185元;,周一至周日 11:00-05:00,0898-65391546,139239,,,False,1,502,139239,True,False
隐泉の源,1576858,综合自助,,0,,4.1,171,198,金龙路,5312,20.02814,110.319478,龙华区玉沙路京华城3楼A座1号铺,3,,免费提供200个停车位,单人午餐198元，单人晚餐218元，单人晚餐418元，单人晚餐608元;,周一至周日 11:00-14:30 17:30-21:30,0898-68532390,138115,隐泉の源是一家以连锁形式经营的铁板烧专门店，本店的特色铁板烧，创意寿司已成为行业中的一大亮点，深受广大食客的亲睐，真真的做到了家喻户晓，老少皆宜，是一个朋友聚会，家庭聚餐的理想场所。“取以天然、佐之精简、逗留齿类的曼妙、回味幽远；泉心于眼、泉眼是源、常驻心田的牵挂、寻根启源。,,False,0,242,138115,True,False
薇薇安千层蛋糕(上邦百汇城店),95600942,面包蛋糕,,0,,4.3,18,16.9,上邦百汇城,5312,20.02131,110.32223,龙华区金龙路隆仟百货一楼W3号铺位（肯德基正门对面）,1,,,16.9元千层蛋糕切件，75元蛋糕3选1，122.9元蛋糕8选1;29.9代38元;,周一至周日 10:00-22:30,17766969680,120937,,,False,1,1,120937,True,False
一只酸奶牛(日月广场店),150312430,酸奶,,0,,5,13,9.8,国兴大道,5315,20.015794,110.349466,琼山区国兴大道8号日月广场一号下沉广场L层,-1,,,9.8元酸奶紫米露，11.8元暖暖奶香紫米，11.8元暖暖奶香芋泥，15元卡乐比酸奶杯双杯，15.8元芒来芒趣酸奶多，15.8元刨酸奶系列3选1，15.8元草莓朵朵酸奶多，15.8元酸奶多肉葡萄，23.8元紫米露+草莓酸奶，24.8元燕麦+红豆，27.8元酸奶杨枝甘露套餐，28.8元桃之夭夭（2杯）;,周一至周日 11:00-22:00,18789898402,106709,,,False,1,355,106709,False,False
龙虾阁(南沙店),6848079,小龙虾,龙虾阁,1254551,,5,50,19.8,龙昆北路,5312,20.018523,110.333519,龙华区南大桥下南沙路口凯盛广场A区101号,,,,单人餐19.8元，双人餐88元起，双人餐88元起，3人餐99元，2-3人餐118元，2-3人餐168元，2-3人餐218元;89.9代100元;,周一至周日 10:00-04:00,0898-66762387/13379882387,104534,正宗盱眙龙虾空降海口啦！！！龙虾阁劲推多种口味龙虾，食材从江苏新鲜空运。并聘用获得多项大奖的名师烹饪，把龙虾的美味发挥的淋漓尽致。盱眙龙虾之所以有名，是与它的烹制方法有很大的关系，首先它的配料是独一无二的，即十三香（数十种中草药组成）；另外盱眙大小餐馆在将龙虾上桌时不是用的碗、碟之类的餐具，而是用的面盒、脸盒等；由于前几年螃蟹价格具高不下，对于普通百姓只好以虾代蟹过把瘾了，所以盱眙龙虾又被戏称为“螃蟹助理”。 但螃蟹始终不能和正宗的龙虾相提并论。 其奥妙何在?看着红红的一盆虾子，热气腾腾，香味扑鼻，诱人食欲。吃的时候，麻、辣、鲜、美、香、甜、嫩、酥、肥、亮，令人欲罢不能。吃后余味不绝，绕手三日，叫人无法忘记。本店还**研制了蒜香、清蒸、麻辣、干煸等十几种口味来满足不同食客的味蕾需求。 爱吃美味的您千万不要错过此次美食之旅……开动双手，空出肚皮来享受吧,,False,1,164,104534,True,False
华莱士·全鸡汉堡(五西路店),6172733,西式快餐/汉堡,华莱士,26189,http://p0.meituan.net/poi/40b78b9357bc226b82ad406d2d4ae43429705.png,3.8,12,6.9,海甸岛,5313,20.062134,110.328113,美兰区海甸五西路宝真广场一楼B档2号铺,,,,6.9元黑椒鸡块，9.9元鸡肉卷，10元4串骨肉相连，11.9元鸡块小薯鸡米花，12.2元半只脆皮鸡+中可，12.9元时尚简约，12.9元辣翅鸡米花鸡块，13元香辣鸡腿堡，14元牛肉堡骨肉相连餐，26.9元双人套餐，32.9元六一双人餐，50元鸡肉卷紫薯饼套餐，53.9元欢聚四人套餐;,周一至周日 09:00-24:00,17330878583,97542,华莱士炸鸡汉堡创建品牌以来，先后在闽、沪、苏、浙、赣、粤、津等全国23个省96个市级以上城市开设连锁餐厅。经营的汉堡、炸鸡、薯条等产品，美味与实惠兼具，时尚与文化领先，深得广大消费者的青睐。简明舒适的就餐环境，品质的保证，享受得到的西式快餐,,False,1,257,97542,False,False
原味主张椰子鸡(名门广场店),2385485,海南菜,原味主张椰子鸡,294139,http://p1.meituan.net/poi/1070b024580bce43a71dd949b9f1a82827184.png,5,80,9.9,蓝天路沿线,5313,20.024058,110.353215,美兰区美兰区蓝天路名门广场北区5楼（近五指山路）,5,,,9.9元海南椰子布丁，9.9元单人新品·海南青椰，双人餐188元，3-4人餐268元，4-6人餐328元;90代100元;,周一至周日 11:00-14:00 17:00-21:30,0898-65369929,83273,没有多余的添加，无需繁琐的修饰， 只有靠近自然的心境，和原味的清新， 由于原味，所以养生；因为新鲜，所以健康,,False,0,152,83273,True,False
跳跳香辣坊机器人主题餐厅(五指山店),112395754,四川火锅,,0,,3.7,49,69,人民公园,5312,20.03103,110.34698,美兰区五指山路3号1楼（爱语阳光楼下）,,,,3人餐69.6元，4-5人餐89.9元，2-3人餐99.8元，4-6人餐119.9元;69代100元;,周一至周日 17:00-04:00,0898-65312284,83070,,,False,1,332,83070,False,False
顶呱呱香辣火锅店(朱云店),186239025,火锅,,0,,5,42,12.12,红城湖,5315,19.995494,110.351293,琼山区朱云路与高登西路交汇处（朱云恩公寓2楼）,,,,2-4人餐12.1元，双人餐69.9元，4人餐89.9元起，2-3人餐89.9元，4-6人餐99.9元，3-5人餐129元;17代20元，88代100元;,周一至周日 11:00-04:00,0898-65812602,81196,,,False,1,1739,81196,False,False
至尊牛扒(大润发店),4854854,牛排,至尊牛扒,945584,http://p1.meituan.net/poi/c59044ab4d152c1f676862888fe9098232328.png,3.6,46,52,国兴大润发,5313,20.017414,110.37453,美兰区国兴大道大润发一楼（拾味馆隔壁）,,,免费提供200个停车位,单人餐52元起，双人餐128元起;88代100元;,周一至周日 11:00-20:30,18319491240/0898-65351707,80949,至尊牛扒是一家以经营牛扒，比萨，自助餐为主的连锁餐饮店；餐厅坚持走“价格实惠亲民，产品健康美味”的路线，分店所到之地，立即引发食客排队揽位狂潮；牛扒我们采用进口纯天然无污染的优质牛肉，加以秘制腌料慢火精工煎制，再辅于香浓黑胡椒汁，让您回味无穷；比萨采用美国最新进口原装设备机器，配于昂贵质优的芝士粒，让您垂涎三尺！自助餐40多种产品，不限时不限量，让您尽情享受。,,False,1,99,80949,True,False
秘密cafe(解放西店),94871496,咖啡厅,,0,,4.2,25,22.8,解放西/泰龙城,5312,20.03872,110.33854,龙华区解放西个体大世界广场旁边尊宝披萨楼上4楼（九小对面，老鼠城旁边）,,,,22.8元秘密美味下午茶，28元秘密咖啡单人简餐套餐;40代50元，88代100元;,周一至周日 09:00-24:00,0898-66111313,80019,,,False,0,215,80019,True,False
皇点泡芙,1558677,面包甜点,皇点蛋糕,1882340,,3.8,10,1.99,人民公园,5312,20.03621,110.33802,龙华区大同路4号泰龙商城1楼老小吃街中段,,,,蛋挞1.9元，6.5元皇点蓝莓奶昔，8.9元皇点法式泡芙，皇点生日蛋糕58元;,周一至周日 08:30-10:30 15:30-17:00,0898-66226363,79253,皇点，酥甜的外皮及多种口味的内馅，选用优质面粉与奶油，满足您的味蓄与心灵 ，人气商品脆皮泡芙，真材实料，懂得品味的您是不容错过的。,,False,0,11,79253,True,False
黄金海景大酒店旋转餐厅,1177028,综合自助,黄金海景大酒店,1195519,,3.6,116,53,滨海大道东段,5314,20.031073,110.317994,龙华区滨海大道67号（黄金海景大酒店31楼）,,,免费停车,其他53元，单人午餐108元，单人晚餐158元;,周一至周日 07:30-10:30 11:30-14:00 18:00-21:00,0898-68519336,78429,黄金海景大酒店三十一楼旋转观光餐厅是海南**的旋转观光餐厅。餐厅现已全新装修，开始纳客迎宾！在这里，您无需走动，便可以360度远眺大海和美丽的椰城，蓝天白云与窗外的美景交相呼应，让您尽收眼底。餐厅设有大型海洋水族观赏鱼缸，各种各样的热带海水鱼和姿态各异的珊瑚，看着鱼儿们游来游去，让您仿佛置身于海洋世界，心情会无比的舒畅，给您的就餐环境增添不一样的乐趣！ 旋转餐厅秉承提供精品美食的宗旨，采用优质放心的食材，为您全天候提供开放式国际美食自助餐！当您置身于黄金旋转餐厅之中，会被琳琅满目的美食所吸引，百余种特色美味无限量自取，款款都是精品哦！现磨本地特色咖啡、酒水饮料、冰淇淋无限量畅享，给人无从抗拒的诱惑。 餐厅同时可容纳160人就餐，是您家人团聚、朋友聚会、商务洽谈、西式婚宴、生日派对的优选！使阁下尽享美好时光,,False,0,173,78429,True,False
朋派烤肉自助料理(鹏晖店),95930433,综合自助,,0,,4.5,50,69,海甸岛,5313,20.057598,110.349318,美兰区和平大道22号鹏晖商业广场4楼（观光电梯4楼出口直入10米左侧）,4,,,单人晚餐69元起;,周一至周日 10:00-22:00,0898-66265598,75773,,,False,0,70,75773,True,False
豪约客牛排(龙华店),5064053,中西餐厅,豪约客中西餐厅,1702967,,4.6,50,65,人民公园,5312,20.03014,110.33305,龙华区龙华路50号汇丰商厦二层B001号（海南省医学院附属医院对面）,2,,,单人餐65元，双人餐128元，4人餐239元，6人餐369元，8人餐489元;142.5代150元;,周一至周日 10:00-23:30,0898-66500178,75673,豪约客经营项目：中西式套餐、无限量自助水果沙拉吧、牛排、商务简餐、乐尚茶饮、咖啡。 餐品定位为：健康、绿色、时尚、快捷、简约； 豪约客将西式牛排的做法进行改良，历经几十道工序，融入十几味天然名贵香料腌制12小时，并采用中国本土烹饪手法，精选中国内蒙、东北、山东的优良黄牛肉做为牛排食材，牛排制作全程手工切配、高温烹调，并保证牛肉肉质细嫩爽口、汁多味鲜，精心调配的黑胡椒酱与牛排的肌理香味混融一体，健康、自然回味无穷，让您吃出真正传统，豪约客大厨从业十五年，只为做出“中国好牛排”！！！ 豪约客保证：每一份西餐牛排都精选新鲜的食材制作主食，配有意大利面、通心粉、西式煎蛋、无限量缤纷自助沙拉吧、西式浓汤、麦香红茶、西式糕点、椰蓉面包等等，每一份中式餐品均采用新鲜食材，传统烹饪料理手法制作的主菜、泰国米饭、开胃小菜、蚝油青菜、干贝蒸蛋、原盅蒸汤、麦香红茶、无限量缤纷自选水果沙拉等等可口的美食加营养科学的配餐，美味更健康，关爱顾客朋友您的每一餐！,,False,1,67,75673,True,False
小龙坎老火锅(国贸店),150569726,四川火锅,小龙坎老火锅,2883441,http://p0.meituan.net/poi/108c210fe9a4ae636e2711fa68841da394319.png,4.4,90,75,京华城,5312,20.025428,110.319312,龙华区国贸路嘉陵大厦2楼（苏荷酒吧楼上）,2,,,75代100元，89.9代100元;,周一至周日 11:00-02:00,0898-32195888,75671,,,False,1,179,75671,False,False
跳跳香辣坊(义龙路店),4578565,四川火锅,,0,,3.9,43,89.9,滨海大道东段,5314,20.026868,110.334807,龙华区义龙西路24号远东雅居首层（义龙大酒店附近，）,,,,3-4人餐89.9元，2-3人餐98元，4-6人餐119.9元;,周一至周日 17:00-03:30,0898-66775590,74672,,,False,0,179,74672,True,False
潮欣牛肉店(南亚店),2467902,潮汕牛肉火锅,潮欣牛肉店,765597,,4.6,50,150,南亚广场,5313,20.029979,110.349716,美兰区龙舌路10号龙福大厦第1层1B3-4号,,,免费停车,双人餐150元，3-4人餐252元，5-6人餐358元，8人餐418元，10人餐498元;,周一至周日 10:00-01:00,0898-65323189/0898-65351812,66563,潮欣牛肉店于1996年开业以来，深受各界朋友支持与厚爱，首家为东湖店，现因租约期满已结束营业，请各位朋友认准潮欣品牌。 本店是专营全牛系列火锅为主的餐饮名店，食材新鲜优质，汤料上乘，物美价廉，口味正宗，潮汕牛肉丸，新鲜牛肉，请到潮欣牛肉店。,,False,1,71,66563,True,False
玛格利塔(新华南路店),6648829,披萨,玛格丽塔,1351163,http://p0.meituan.net/poi/0e925ec4a5330a532b2417bfb265b92036387.png,4.2,17,10.9,滨海大道东段,5314,20.040172,110.343084,龙华区新华南路55号（解放西路与新华南路交叉口东南角）,,,免费提供5个停车位,10.9元原味蛋挞，16.9元休闲小吃套餐，19.9元鸡肉披萨套餐B，19.9元美团单人套餐A，23.9元现烤比萨套餐，29.9元普通装现烤披萨;,周一至周日 08:00-02:00,0898-66103178,65429,,,False,1,48,65429,True,False
季季香酒楼(龙昆南路店),1484747,川菜,,0,,4.6,68,66,龙昆南路,5312,20.005632,110.340353,琼山区龙昆南路69号（和信广场对面）,,,免费提供20个停车位,双人餐66元，3-4人餐88元，3-4人餐98元;,周一至周日 11:00-15:00 17:00-04:00,0898-66720300,65071,季季香餐饮有限公司是一家以经营香辣火锅、湖北菜、粤菜、新派川·湘菜、早晚茶 婚宴接待的综合性专业餐饮店和餐饮项目开发之企业。 海口季季香餐饮有限公司成立年来，于2009年发展首家形象店，此店位于海口市龙昆南路69号(魅力100旁150米)，总经营面积约3500平方米，设有22个包厢；一楼大厅可同时满足400人的大型用餐；一楼外场可同时满足300人用餐。二楼大厅可同时满足500人的大型婚宴接待用餐；三楼家庭、会议等、大型用餐包箱。经过多年的精心研究，将香辣、火锅、湖北菜、粤菜、新派川·湘菜、系精髓，汇集、研制、形成海口市季季香独具核心竞争力的产品。我们凭借独特的经营理念、成熟的管理模式，不断更新菜式以及强有力的后续支持。建立了一套完善的餐饮管理体系，拥有一支和谐而具战斗力的管理团队，通过标准化和制度化管理实现厨房和楼面管理精益求精，用优质的服务和精湛的出品使得海口季季香酒楼宾客迎门、高朋满座。为了答谢广大群众对季季香的支持我们店现在又增加了正宗重庆老火,,False,0,226,65071,True,False
快乐爱斯米牛排自助(吾悦广场店),113705028,综合自助,,0,,4.1,75,59.9,吾悦广场,5312,19.977838,110.33996,龙华区迎宾大道18号新城吾悦广场4楼4001号（1号门必胜客旁观光梯直达4楼即是）,4,,,单人午餐59.9元，单人午/晚餐67.9元，单人午餐79.9元，单人午/晚餐87.9元;,"周六,周日 11:00-14:30 17:00-22:00  周一至周五 11:00-14:30 17:00-21:30",0898-66837583,64931,,,False,0,541,64931,True,False
咱外婆家的菜(新城吾悦店),114680845,融合菜,,0,,5,47,92.9,吾悦广场,5312,19.9777,110.339596,龙华区迎宾大道18号新城吾悦广场3楼3027-1铺面,3,,,92.9代100元;,周一至周日 11:00-14:00 17:00-21:00,0898-65812705,64645,,,False,1,155,64645,False,False
法兰度西餐厅果木牛扒(海口上邦店),4018896,牛排,,0,,5,91,19.9,上邦百汇城,5312,20.021659,110.323025,龙华区上邦百汇城2号楼3层,3,,,单人餐19.9元，双人餐99.9元起，3人餐269.9元;90代100元，499.9代600元;,周一至周日 10:30-22:30,0898-68515699,64641,,,False,0,101,64641,True,False
新海府粥城(红城湖店),6083521,粥,新海府粥城,29891,,4.1,50,88,红城湖,5315,20.004694,110.350821,琼山区红城湖路57号（百乐城KTV旁）,,,,88代100元;,周一至周日 全天,0898-65809898,64079,新海府粥城是一家主要经营海南特色粥品、卤水、烧腊、小炒及小吃于一体的餐饮连锁机构。“汇集各地风味名肴，弘扬海南饮食文化”是新海府的宗旨；“实在做人，用心做事”是新海府的服务宗旨。新海府以特色精美的菜肴，以热情周到的服务，为顾客所青睐。,,False,1,143,64079,True,False
一只酸奶牛(友谊阳光城店),164049344,酸奶,一只酸奶牛,2879666,http://p1.meituan.net/poi/51924c62dafd89577d329ed83c928cf337089.png,5,13,9.8,新友谊阳光城,5312,20.02343,110.323947,龙华区金龙路友谊阳光城6楼2号电梯出口处（上邦百汇城对面）,6,,,9.8元酸奶紫米露，11.8元暖暖奶香紫米，11.8元暖暖奶香芋泥，15元卡乐比酸奶杯双杯，15.8元芒来芒趣酸奶多，15.8元刨酸奶系列3选1，15.8元草莓朵朵酸奶多，15.8元酸奶多肉葡萄，23.8元紫米露+草莓酸奶，24.8元燕麦+红豆，27.8元酸奶杨枝甘露套餐，28.8元桃之夭夭（2杯）;,周一至周日 09:30-22:30,18889674894,64053,,,False,1,446,64053,False,False
牛局炭火烧肉(日月广场店),118933185,日式烧烤/烤肉,,0,,5,85,90,国兴大道,5315,20.015113,110.346363,琼山区国兴大道8号日月广场西区西6天蝎座4楼免税店楼上,4,,,双人餐188元起，4人餐368元起;90代100元;,周一至周日 11:30-14:00 17:30-21:00,0898-32884525,62827,,,False,0,492,62827,False,False
SOFTSTONE软石(名门店),2429667,面包蛋糕,softstone软石,2875515,,4.4,26,66,名门广场,5313,20.023003,110.351826,美兰区蓝天路名门广场北区1、2楼（正门入口处右侧）,2,,免费停车,,周一至周日 07:30-22:30,0898-65221811,61379,软石设在名门广场的一、二楼，你很少会看见这样的餐厅，首层专做饼店和各式饮品，二层是以烘焙为主题的时尚西式餐厅，两者分布于一间广场的上下层，来去方便，动线自如。据了解，这种以烘焙为主营内容的餐厅在全国也是十分少有的。源自于法文 boulanger，原意系 “巨大的鹅卵石 ”，可能是法国人觉得个头太大的鹅卵石状如面包，所以就以此命名，这大概也能解释法兰西对美食的狂热程度。软石就像是一块块石头状的面包，或曰面包所构成的石头。softstoneboulanger在法国还有另一层意思：面包店，而且是特指前店后厂的面包店，这代表着新鲜、温度和最直接便利的服务。我们为什么叫softstoneboulanger在法国还有另一层意思：面包店，而且是特指前店后厂的面包店，这代表着新鲜、温度和最直接便利的服务。,,False,1,25,61379,True,False
匠子烤鱼(上邦店),4536872,烤鱼,匠子烤鱼,2699714,http://p0.meituan.net/poi/a60aaeb6e15861760710694484fa4a9a55005.png,4.8,67,99,金龙路,5312,20.021327,110.322101,龙华区金龙路上邦百汇城3号楼2楼,2,,,99代110元;,"周六,周日 11:00-21:30  周一至周五 11:00-14:30 17:00-21:30",0898-68530711,60588,,,False,1,92,60588,True,False
华莱士·全鸡汉堡(海垦店NO.3),1421441,西式快餐/汉堡,华莱士,26189,http://p0.meituan.net/poi/40b78b9357bc226b82ad406d2d4ae43429705.png,3.5,14,8.9,金牛岭公园周边,5312,20.004349,110.306339,龙华区海垦路滨濂村四里12号,,,免费提供5个停车位,8.9元鸡米花，12.9元单人套餐1，12.9元单人套餐2，13.9元小吃套餐2，13.9元小吃套餐1，19元单人餐，22元薯条，22.9元双人套餐，28.9元双人餐，32元双人餐，33.9元豪华炸鸡桶，40.8元双堡炸鸡桶;,周一至周日 09:00-00:30,0898-68982528,60077,,,False,1,80,60077,True,False
嘉香苑茶餐厅,40503292,茶餐厅,,0,,3.9,28,8.5,忠介路,5315,20.000962,110.35586,琼山区府城镇中山路6号三楼商铺,,,免费提供5个停车位,8.5元本店招牌特色饮品，双人餐55元，3-4人餐98元，2-3人餐98元;88代100元;,周一至周日 07:00-22:30,0898-31381659,59766,,,False,1,119,59766,True,False
原味主张椰子鸡(望海国际总店),1182237,海南菜,原味主张椰子鸡,294139,http://p1.meituan.net/poi/1070b024580bce43a71dd949b9f1a82827184.png,3.8,82,9.9,望海国际广场,5313,20.03072,110.344967,美兰区海秀路8号望海国际广场6楼150,6,,,9.9元海南椰子布丁，9.9元单人新品·海南青椰，双人餐188元，3-4人餐268元;90代100元;,周一至周日 11:00-16:00 17:00-21:30,0898-66516266,59116,没有多余的添加，无需繁琐的修饰， 只有靠近自然的心境，和原味的清新， 由于原味，所以养生；因为新鲜，所以健康,,False,0,366,59116,True,False
华莱士·全鸡汉堡(长流如意茶店),41993009,西式快餐/汉堡,华莱士,26189,http://p0.meituan.net/poi/40b78b9357bc226b82ad406d2d4ae43429705.png,3.5,24,6.9,假日海滩/西海岸,5314,20.01147,110.201747,秀英区长流镇长升路42号（长流镇政府对面）,,,,6.9元黑椒鸡块，9.9元鸡肉卷，10元4串骨肉相连，11.9元鸡块小薯鸡米花，12.2元半只脆皮鸡+中可，12.9元时尚简约，12.9元辣翅鸡米花鸡块，13元香辣鸡腿堡，14元牛肉堡骨肉相连餐，26.9元双人套餐，32.9元六一双人餐，50元鸡肉卷紫薯饼套餐，53.9元欢聚四人套餐;,周一至周日 09:00-24:00,0898-68711152,58896,,,False,1,135,58896,False,False
茶人屯(海甸岛店),2402466,茶餐厅,避风阁茶人屯,1044533,,5,30,9.9,海甸岛,5313,20.052692,110.341634,美兰区海甸三东路京海花园一楼A101铺面,,,,9.9元夏日新品5选一，28元烧鹅饭;79.9代100元;,周一至周日 07:00-24:00,0898-66227066/66267897,58173,避风阁茶人屯在海南的餐饮行业中已树立起了属于自己的餐饮独特的品牌，并拥有了一定规模和固定的老顾客，在阳光明媚下的避风阁这几个大字非常的夺目，让您无法无视的存在。这里是您休闲、娱乐、聚餐的好场所。店内每时每刻都洋溢着一种安逸而温暖的气息，在下午的时候，很多附近写字楼的人员都喜欢忙里偷闲，来这里轻叹一杯炭烧咖啡，或者约上一些生意伙伴，在分享小点心香甜的同时，拟下一份严谨的协议。 ,,False,0,36,58173,True,False
薇薇安千层蛋糕(泰龙城店),112124863,面包蛋糕,,0,,5,19,16.9,解放西/泰龙城,5312,20.036721,110.337978,龙华区大同路泰龙城小吃街B18号,-1,,,16.9元千层蛋糕切件，75元蛋糕3选1，122.9元蛋糕8选1;29.9代38元;,周一至周日 09:00-23:00,18389553762,58079,,,False,1,43,58079,False,False
味道呱呱叫火锅饭店(美兰分店),159156432,四川火锅,,0,,4.1,46,69.9,白龙路沿线,5313,20.027934,110.362007,美兰区白龙南路51-1号（美府大厦首层）,,,,双人餐69.9元，3-4人餐89.9元;,周一至周日 全天,0898-65207789,56422,,,False,0,303,56422,True,False
华莱士·全鸡汉堡(NO.38学院店),5045038,西式快餐/汉堡,华莱士,26189,http://p0.meituan.net/poi/40b78b9357bc226b82ad406d2d4ae43429705.png,3.5,13,8.9,城西/学院路,5312,19.98486,110.33151,龙华区学院路与学院东街交叉口城西商业广场B区11号加-2铺面,,,免费提供5个停车位,8.9元鸡米花，12.9元单人套餐1，12.9元单人套餐2，13.9元小吃套餐2，13.9元小吃套餐1，19元单人餐，22元薯条，22.9元双人套餐，28.9元双人餐，32元双人餐，33.9元豪华炸鸡桶，40.8元双堡炸鸡桶;,周一至周日 09:00-01:00,0898-66962667,56234,,,False,1,131,56234,True,False
匠子烤鱼(友谊店),41467903,烤鱼,匠子烤鱼,2699714,http://p0.meituan.net/poi/a60aaeb6e15861760710694484fa4a9a55005.png,3.9,66,99,解放西/泰龙城,5312,20.037813,110.337257,龙华区龙华路友谊广场6楼,6,,,99代110元;,周一至周日 11:00-14:00 17:00-21:00,0898-66269377,55955,,,False,1,101,55955,True,False
避风苑时尚火锅(高登东分店),5872227,港式火锅,,0,,4,29,55,忠介路,5315,19.99866,110.36129,琼山区府城街道高登东街28号二楼（华莱士对面）,,,,双人餐55元，2-3人餐75元，3-4人餐98元;88代100元;,周一至周日 11:00-22:00,0898-32876082,55635,,,False,1,72,55635,True,False
妯娌老鸭粉丝汤,69489667,粉丝汤,,0,,4.4,12,12.9,解放西/泰龙城,5312,20.036957,110.337869,龙华区大同路4号泰龙城后广场第42号铺面,1,,,12.9元鸭血粉丝汤一份;16.8代20元;,周一至周日 12:00-21:00,18976514666/13637541136,55494,,,False,1,62,55494,True,False
咔卡时尚茶餐厅,40115597,茶餐厅,,0,,3.9,24,19.8,大园路,5315,19.99403,110.35202,琼山区大园路141号（广合大厦2楼）,,,免费提供10个停车位,19.8元美味单人餐，26.8元超值单人餐，39.9元小包畅饮套餐，2-3人餐49.9元，49.9元中包畅饮套餐，3-4人餐79.9元;,周一至周日 08:00-24:00,0898-65905832,55454,,,False,0,45,55454,True,False
五味缘厂外香小郡肝串串香,907268368,串串香,,0,,4.9,64,88,滨海大道东段,5314,20.047696,110.191916,秀英区远大购物广场7-1-117（远大售楼中心口向南50米路东）,1,,,88代100元;,周一至周日 11:00-02:00,18078976551,55449,,,False,0,3,55449,False,False
华莱士·全鸡汉堡(秀华店),41566117,西式快餐/汉堡,华莱士,26189,http://p0.meituan.net/poi/40b78b9357bc226b82ad406d2d4ae43429705.png,4.4,26,6.9,西站,5314,20.00745,110.285763,秀英区秀华路40号1楼（中国银行旁）,,,,6.9元黑椒鸡块，9.9元鸡肉卷，10元4串骨肉相连，11.9元鸡块小薯鸡米花，12.2元半只脆皮鸡+中可，12.9元时尚简约，12.9元辣翅鸡米花鸡块，13元香辣鸡腿堡，14元牛肉堡骨肉相连餐，26.9元双人套餐，32.9元六一双人餐，50元鸡肉卷紫薯饼套餐，53.9元欢聚四人套餐;,周一至周日 09:00-02:00,0898-68645667,55115,,,False,1,163,55115,False,False
满福隆酒楼,1178472,海南菜,,0,,4,47,28,宜欣广场,5312,20.027653,110.312289,龙华区滨海大道91号,,,免费提供380个停车位,单人餐28元，双人餐78元，4人餐168元，6人餐288元;79代100元;,周一至周日 07:00-01:00,0898-68528888/0898-68526688,54843,"满福隆酒楼位于海口市金融贸易区（滨海大道91号）凭海而立，面向芳草如茵的""万绿园""和如诗如画的海口核心滨海区，环境优雅，交通便利。酒楼占地面积20亩，营业面积9000平方米，可供380个停车位，38个贵宾厅房，多个金碧辉煌的大型宴会厅（可同时容纳1500人用餐）均由香港名师设计，该酒楼由餐饮资深人士管理，香港名厨主理，主营。潮，粤菜，燕鲍翅，生猛海鲜，粤式早茶，夜宵。满福隆酒楼乘承“情亲关怀，无微不至”的经营理念，热情为各界嘉宾服务，是团体会议，商务接待，宴请宾朋，喜庆宴席的理想去处，到满福隆酒楼，将体验宾至如归之温馨感受。",,False,1,87,54843,True,False
薇薇安千层蛋糕(府城店),156661529,面包蛋糕,,0,,4.7,25,16.9,忠介路,5315,20.00065,110.35555,琼山区忠介路2号步行街（肯德基正对面）,,,,16.9元千层蛋糕切件，75元蛋糕3选1，122.9元蛋糕8选1;29.9代38元;,周一至周日 09:00-22:30,0898-65863602,54609,,,False,1,142,54609,False,False
炙盈炭火自助烤肉餐厅(京华城店),179080914,自助烧烤,,0,,4.3,64,63.5,京华城,5312,20.027557,110.317505,龙华区玉沙路21号京华城C区3楼,3,,,单人午餐63.5元，单人午/晚餐67.5元，[4]人午餐245.8元，[4]人晚餐261.8元;,周一至周日 11:00-21:30,0898-66216767,54115,,,False,0,192,54115,False,False
陇璟烧肉酒场(日月广场店),116099815,日式烧烤/烤肉,,0,,4.9,82,25,国兴大道,5315,20.014758,110.350288,琼山区五指山南路日月广场东区双鱼座三楼,3,,,双人餐188元，3-4人餐368元;25代50元，89代100元;,周一至周日 11:30-14:00 17:00-21:30,0898-32889113,53713,,,False,0,238,53713,False,False
百度烤鱼(坡博店),2402669,烤鱼,百度烤鱼,826369,,5,44,69,坡博村,5312,20.003347,110.33655,龙华区坡博路1号虹冠大厦109铺（天府川香美食林楼下）,,,,3-4人餐69元，2-3人餐88.8元，双人餐98.8元，3-4人餐138元，6人餐198元;90代100元;,周一至周日 11:00-14:00 17:00-22:00,0898-32688339,53646,百度烤鱼地处龙华区坡博路虹冠大厦首层，交通便利，店内环境整洁，适合三五好友聚会。百度烤鱼**的特色是**秘制的烤鱼汤底，色香味俱全，肉质鲜嫩，结合火锅的吃法，让鱼的鲜嫩发挥到淋漓尽致,,False,1,78,53646,True,False
华莱士·全鸡汉堡(青年路店),1998538,西式快餐/汉堡,华莱士,26189,http://p0.meituan.net/poi/40b78b9357bc226b82ad406d2d4ae43429705.png,3.6,23,6.9,白龙路沿线,5313,20.0373,110.3611,美兰区青年路2-1号（海口市第三十四小学旁）,,,,6.9元黑椒鸡块，9.9元鸡肉卷，10元4串骨肉相连，11.9元鸡块小薯鸡米花，12.2元半只脆皮鸡+中可，12.9元时尚简约，12.9元辣翅鸡米花鸡块，13元香辣鸡腿堡，14元牛肉堡骨肉相连餐，26.9元双人套餐，32.9元六一双人餐，50元鸡肉卷紫薯饼套餐，53.9元欢聚四人套餐;,周一至周日 09:00-23:00,0898-65358747,52910,华莱士炸鸡汉堡创建品牌以来，先后在闽、沪、苏、浙、赣、粤、津等全国23个省96个市级以上城市开设连锁餐厅。经营的汉堡、炸鸡、薯条等产品，美味与实惠兼具，时尚与文化领先，深得广大消费者的青睐。简明舒适的就餐环境，品质的保证，享受得到的西式快餐,,False,1,87,52910,False,False
联记茶餐厅(兴丹路店),84829604,茶餐厅,,0,,4.7,19,6,兴丹路,5315,20.009778,110.366169,琼山区兴丹路14号省农科院（农业科技服务一条街2号楼第一层第41号房）,,,免费提供3个停车位,单人餐6元起，9.8元单人特色抱罗粉，52.8元双人正餐套餐;,周一至周日 07:00-23:30,0898-65811661/18189801881,52196,,,False,1,161,52196,True,False
三顾冒菜(国兴店),4088767,冒菜,三顾冒菜,110795,http://p1.meituan.net/poi/1d9a370dfd58340bff66330ddab1b2d340293.png,4.2,34,29,国兴大润发,5313,20.014086,110.371589,琼山区国兴大道省图书馆后街文坛路右进玖居酒店一楼,,,,29代33元，45代50元;,周一至周日 11:00-14:00 17:30-21:30,0898-65356390,51929,冒菜不是菜，而是一种传统的烹饪工艺。“大锅、沸汤”的烹饪特点让三顾冒菜在营养锁定方面独具优势。具体做法是，将自选生鲜食材置于大锅沸汤中“冒”熟，而后用秘制纯油和老火靓汤调制出麻辣、微辣、三鲜等不同口味，满足大众美食需求，是都市一族热捧的时尚餐饮模式。三顾冒菜源自三顾茅庐的历史典故，传承悠久，精品正宗。三顾冒菜致力于打造中国冒菜品牌。 采用自主选菜、去水称重、透明厨房的经营方式，将《消费者权益保护法》规定的自主选择权、公平交易权、消费知情权等原原本本地奉还给顾客。看得见、选得着、吃得香是三顾冒菜的真实体验。亲，来吧，来一次就能喜欢上！,,False,1,1,51929,True,False
玛格利塔(海垦路店),6455350,披萨,玛格丽塔,1351163,http://p0.meituan.net/poi/0e925ec4a5330a532b2417bfb265b92036387.png,4.2,17,10.9,金牛岭公园周边,5312,20.005224,110.306641,龙华区海垦路283号（天唱KTV旁）,,,免费提供5个停车位,10.9元原味蛋挞，16.9元休闲小吃套餐，19.9元鸡肉披萨套餐B，19.9元美团单人套餐A，23.9元现烤比萨套餐，29.9元普通装现烤披萨;,周一至周日 08:00-24:00,0898-68917067,51921,,,False,1,23,51921,True,False
赖胖子肉蟹煲(日月广场店),117491888,肉蟹煲,赖胖子肉蟹煲,2885366,,4.2,54,90,国兴大道,5315,20.015813,110.350325,琼山区国兴大道8号日月广场5-301（金牛座三楼）,3,,,双人餐128元，4人餐168元，6人餐228元;90代100元;,周一至周日 11:00-21:30,0898-32889320,51487,,,False,1,655,51487,True,False
豪约客牛排(万利城店),79223866,中西餐厅,,0,,4.6,50,65,人民公园,5312,20.02939,110.341981,美兰区海口海秀东路18号万利城商场3楼A区,3,,,单人餐65元，双人餐128元，4人餐239元，6人餐369元，8人餐489元;142.5代150元;,周一至周日 09:00-22:00,0898-32695858,51240,,,False,1,124,51240,True,False
华莱士·全鸡汉堡(财政NO13店),95509,西式快餐/汉堡,华莱士,26189,http://p0.meituan.net/poi/40b78b9357bc226b82ad406d2d4ae43429705.png,3.5,13,8.9,忠介路,5315,19.998337,110.361229,琼山区高登东街91号（避风苑对面）,,,免费提供5个停车位,8.9元鸡米花，12.9元单人套餐1，12.9元单人套餐2，13.9元小吃套餐2，13.9元小吃套餐1，19元单人餐，22元薯条，22.9元双人套餐，28.9元双人餐，32元双人餐，33.9元豪华炸鸡桶，40.8元双堡炸鸡桶;,周一至周日 09:00-02:30,0898-65850003,51184,仅6.4折，即享华莱士炸鸡汉堡单人套餐,,False,1,55,51184,True,False
成都大龙燚火锅(国贸店),105514349,四川火锅,,0,,4.6,91,85,金龙路,5312,20.025168,110.320655,龙华区国贸大道与玉沙路十字路口富国商业广场2层,2,,,双人餐128元，3-4人餐199元;85代100元;,周一至周日 16:00-01:00,0898-65388777,49780,,,False,1,57,49780,False,False
茶相汇茶人屯,2374308,粤式茶点,避风阁茶人屯,1044533,,4,48,20.8,金龙路,5312,20.024,110.32082,龙华区玉沙路16号富豪大厦c座2楼201室,,,,20.8元烤鸭套餐饭，25.8元茶人屯简餐，28.8元茶人屯单人简餐[国贸店]，68元棋牌室精品4人餐，双人餐98元，3-4人餐148元;88代100元;,周一至周日 07:00-24:00,0898-68528633/68500097,49654,避风阁茶人屯在海南的餐饮行业中已树立起了属于自己的餐饮独特的品牌，并拥有了一定规模和固定的老顾客，在阳光明媚下的避风阁这几个大字非常的夺目，让您无法无视的存在。这里是您休闲、娱乐、聚餐的好场所。店内每时每刻都洋溢着一种安逸而温暖的气息，在下午的时候，很多附近写字楼的人员都喜欢忙里偷闲，来这里轻叹一杯炭烧咖啡，或者约上一些生意伙伴，在分享小点心香甜的同时，拟下一份严谨的协议,,False,1,38,49654,True,False
玛格利塔(大园路店),4013168,披萨,玛格丽塔,1351163,http://p0.meituan.net/poi/0e925ec4a5330a532b2417bfb265b92036387.png,4.1,18,10.9,大园路,5315,19.988177,110.350795,琼山区大园路20号（丁村路口处）,,,免费提供5个停车位,10.9元原味蛋挞，16.9元休闲小吃套餐，19.9元鸡肉披萨套餐B，19.9元美团单人套餐A，23.9元现烤比萨套餐，29.9元普通装现烤披萨;,周一至周日 09:00-01:00,0898-65727916,49371,,,False,1,39,49371,True,False
京尚道韩式美食屋,50007027,韩国菜,,0,,4.6,15,15.8,海甸岛,5313,20.050386,110.336539,美兰区海甸三西路市政花园12号商铺（海门大学南门斜对面）,,,,9.8折（买单立享）;单人餐15.8元起;,周一至周日 11:00-21:30,17784640206,47873,,,False,1,182,47873,True,False
探鱼(名门店),66371250,烤鱼,探鱼,1723817,http://p0.meituan.net/poi/bfcdf2bcdccdfc3a524af91bc3d69b7a57975.png,4.8,79,88,名门广场,5313,20.023392,110.352038,美兰区蓝天路名门广场五楼,5,,,双人餐129元，3人餐176元;88代100元，92代100元;,周一至周日 11:00-21:30,0898-65330003,47355,,,False,1,150,47355,True,False
探鱼(日月广场店),117021927,烤鱼,探鱼,1723817,http://p0.meituan.net/poi/bfcdf2bcdccdfc3a524af91bc3d69b7a57975.png,5,81,88,国兴大道,5315,20.015502,110.348439,琼山区国兴大道8号海航日月广场C01-5#-302号铺面（金牛座3楼）,3,,,双人餐129元，3人餐176元;88代100元，92代100元;,周一至周日 11:00-22:00,0898-66700828,47131,,,False,1,164,47131,False,False
华莱士·全鸡汉堡(海师店),4125189,西式快餐/汉堡,华莱士,26189,http://p0.meituan.net/poi/40b78b9357bc226b82ad406d2d4ae43429705.png,3.9,21,6.9,红城湖,5315,19.998392,110.345521,琼山区板桥路40号铺（海师大厦正对面）,,,,6.9元黑椒鸡块，9.9元鸡肉卷，10元4串骨肉相连，11.9元鸡块小薯鸡米花，12.2元半只脆皮鸡+中可，12.9元时尚简约，12.9元辣翅鸡米花鸡块，13元香辣鸡腿堡，14元牛肉堡骨肉相连餐，26.9元双人套餐，32.9元六一双人餐，50元鸡肉卷紫薯饼套餐，53.9元欢聚四人套餐;,周一至周日 09:00-24:00,0898-65892120/15298948020,47067,华莱士炸鸡汉堡创建品牌以来，先后在闽、沪、苏、浙、赣、粤、津等全国23个省96个市级以上城市开设连锁餐厅。经营的汉堡、炸鸡、薯条等产品，美味与实惠兼具，时尚与文化领先，深得广大消费者的青睐。简明舒适的就餐环境，品质的保证，享受得到的西式快餐,,False,1,77,47067,False,False
朋派烤肉欢乐自助餐厅(友谊阳光城店),161104083,综合自助,,0,,4.9,75,69,金龙路,5312,20.023466,110.323867,龙华区金龙路2号友谊阳光城6A层021号,6A,,,单人晚餐69元起;,周一至周日 11:00-14:00 17:00-21:00,0898-66760830,47045,,,False,0,255,47045,False,False
琳琅LIN LANG(解放店),18854,面包蛋糕,琳琅烘焙专业,27334,,4.3,10,0,人民公园,5312,20.04076,110.34358,龙华区解放东路41号,,,商家服务：停车位收费标准：与商家具体商谈,每满10减1.2（买单立享）;,周一至周日 11:00-23:00,0898-66219429,46895,琳琅烘焙专业是一家有名的西点品牌店，发展到现在已经有30余家连锁店。多年来不断引进新思想、开发新思路、完善管理模式，逐渐形成了的“前店后场，现烤现卖”的特色。,,False,1,0,46895,False,False
百度烤鱼(秀华店),40928482,烤鱼,百度烤鱼,826369,,3.7,40,58,秀英时代广场,5314,20.00745,110.28364,秀英区秀华路54号（市十四中学斜对面）,,,,双人餐58元，3-4人餐88元，3人餐98元起，4-6人餐168元，4-6人餐168元;79代100元;,周一至周日 10:00-22:30,0898-32267818/36353229,46877,百度烤鱼地处龙华区坡博路虹冠大厦首层，交通便利，店内环境整洁，适合三五好友聚会。百度烤鱼**的特色是**秘制的烤鱼汤底，色香味俱全，肉质鲜嫩，结合火锅的吃法，让鱼的鲜嫩发挥到淋漓尽致,,False,1,122,46877,True,False
顺拾蒸·海鲜蒸汽料理(京华城店),67056817,海鲜,,0,,4.2,88,93.9,京华城,5312,20.02733,110.31724,龙华区金贸街道国贸三横路玉沙京华城C区三楼,3,,,93.9代100元;,周一至周日 09:30-14:00 17:00-21:00,0898-68583222/13907596026,46801,,,False,0,23,46801,True,False
周记鸭脖(上邦店),1180738,熟食熏酱,,0,,4.2,12,8.9,金龙路,5312,20.021524,110.324008,龙华区龙华路上邦百汇城拾味馆后面食味小巷里,1,,,17.9元19.5元套餐，23.9元鸭脖鸭肠套餐，25.8元26元套餐;8.9代10元;,周一至周日 10:00-22:30,18689732883/13215882993,46614,,,False,1,15,46614,True,False
印象三宝潮汕鲜牛肉火锅炭烤肉,97076395,潮汕牛肉火锅,,0,,3.6,54,79.9,解放西/泰龙城,5312,20.037595,110.337431,龙华区解放西路友谊广场6楼,5,,,每满100减20.01（买单立享）;双人餐99元起，3-4人餐198元，6人餐368元，8人餐498元，9-10人餐599元;79.9代100元;,周一至周日 11:00-14:00 17:30-21:30,0898-66206366,46591,,,False,1,92,46591,True,False
希尔顿味·全日海鲜自助餐厅(国贸店),90875095,自助海鲜,,0,,3.3,237,158,金龙路,5312,20.023528,110.306042,龙华区滨海大道109-9号海口希尔顿酒店33层,33,,,单人午餐158元，单人午餐168元，单人晚餐200元，单人晚餐268元;,周一至周日 06:30-22:00,0898-36798005/15692510999,46005,,,False,0,145,46005,True,False
猪哥牛姐(吾悦店),114275052,韩式烤肉,,0,,4.9,58,30,吾悦广场,5312,19.977782,110.339746,龙华区椰海大道新城吾悦广场3楼,3,,,双人餐139元起，3-4人餐209元，4-5人餐259元，4-5人餐269元;30代50元;,周一至周日 11:00-22:00,0898-65812706,45305,,,False,0,175,45305,True,False
拾味馆·浓鲜骨汤·海南菜(望海店),1361754,海南菜,拾味馆,28696,http://p1.meituan.net/poi/79d6a9d3470f3076b19f9bc6dd8d1ffa11693.png,4.2,59,95,望海国际广场,5313,20.030543,110.344944,美兰区海秀路8号望海国际广场六层1号铺面,6,,免费停车,满100减5（买单立享）;2-3人餐198元;95代100元;,周一至周日 11:00-14:00 17:00-21:00,0898-66789995,45284,拾味馆主打拾味砂锅骨汤，以引领饮食风尚，强调对幸福的品味与体验为特色，拒绝提供一成不变的菜肴与菜单，提供可口美食，贴心服务、价格实惠，时尚化的家庭式餐饮，深受大众喜爱。,,False,1,25,45284,True,False
围炉海鲜烤肉自助(日月广场店),179941699,综合自助,,0,,4.4,72,61.9,国兴大道,5315,20.016228,110.350785,琼山区日月广场东①摩羯座3楼,,,,单人晚餐61.9元，单人午餐61.9元，单人晚餐65.9元，单人午餐71.9元，单人晚餐71.9元，单人晚餐75.9元;,周一至周日 11:00-21:00,0898-65307090,45052,,,False,0,455,45052,False,False
华莱士·全鸡汉堡(南海大道NO.5店),95501,西式快餐/汉堡,华莱士,26189,http://p0.meituan.net/poi/40b78b9357bc226b82ad406d2d4ae43429705.png,3.5,15,8.9,金盘,5312,19.996568,110.313878,龙华区南海大道82号京江广场一区商铺126号,,,免费提供5个停车位,8.9元鸡米花，12.9元单人套餐1，12.9元单人套餐2，13.9元小吃套餐2，13.9元小吃套餐1，19元单人餐，22元薯条，22.9元双人套餐，28.9元双人餐，32元双人餐，33.9元豪华炸鸡桶，40.8元双堡炸鸡桶;,周一至周日 09:00-00:30,0898-66809809,44384,仅6.4折，即享华莱士炸鸡汉堡单人套餐,,False,1,104,44384,True,False
华莱士·全鸡汉堡(华海餐厅NO15),4994559,西式快餐/汉堡,华莱士,26189,http://p0.meituan.net/poi/40b78b9357bc226b82ad406d2d4ae43429705.png,3.7,14,8.9,华海路,5312,20.02282,110.32514,龙华区龙华路53号（华海路路口家乐福后门斜对面）,,,免费提供5个停车位,8.9元鸡米花，12.9元单人套餐1，12.9元单人套餐2，13.9元小吃套餐2，13.9元小吃套餐1，19元单人餐，22元薯条，22.9元双人套餐，28.9元双人餐，32元双人餐，33.9元豪华炸鸡桶，40.8元双堡炸鸡桶;,周一至周日 09:00-00:30,0898-66758365,44136,,,False,1,48,44136,True,False
忆轩阁,42022356,中西餐厅,,0,,4.1,27,12.8,解放西/泰龙城,5312,20.03836,110.338305,龙华区解放西路23号个体大世界3楼,,,,9.5折（买单立享）;12.8元单人下午茶，15.8元单人下午茶，26元招牌套餐，88元4人包厢;88代100元;,周一至周日 10:00-24:00,0898-66234218,43776,,,False,0,206,43776,True,False
三顾冒菜(五指山路店),6118854,冒菜,三顾冒菜,110795,http://p1.meituan.net/poi/1d9a370dfd58340bff66330ddab1b2d340293.png,4.4,39,29,蓝天路沿线,5313,20.031944,110.346223,美兰区五指山路5号松涛大厦一楼（松涛宾馆旁）,,,,29代33元，45代50元;,周一至周日 11:00-14:00 17:30-21:30,0898-66733413,42468,冒菜不是菜，而是一种传统的烹饪工艺。“大锅、沸汤”的烹饪特点让三顾冒菜在营养锁定方面独具优势。具体做法是，将自选生鲜食材置于大锅沸汤中“冒”熟，而后用秘制纯油和老火靓汤调制出麻辣、微辣、三鲜等不同口味，满足大众美食需求，是都市一族热捧的时尚餐饮模式。三顾冒菜源自三顾茅庐的历史典故，传承悠久，精品正宗。三顾冒菜致力于打造中国冒菜品牌。 采用自主选菜、去水称重、透明厨房的经营方式，将《消费者权益保护法》规定的自主选择权、公平交易权、消费知情权等原原本本地奉还给顾客。看得见、选得着、吃得香是三顾冒菜的真实体验。亲，来吧，来一次就能喜欢上！,,False,1,1,42468,True,False
华莱士(五指山路店),1998399,西式快餐/汉堡,华莱士,26189,http://p0.meituan.net/poi/40b78b9357bc226b82ad406d2d4ae43429705.png,3.7,22,6.9,望海国际广场,5313,20.028758,110.349871,美兰区五指山路14号,,,,6.9元黑椒鸡块，9.9元鸡肉卷，10元4串骨肉相连，11.9元鸡块小薯鸡米花，12.2元半只脆皮鸡+中可，12.9元时尚简约，12.9元辣翅鸡米花鸡块，13元香辣鸡腿堡，14元牛肉堡骨肉相连餐，26.9元双人套餐，32.9元六一双人餐，50元鸡肉卷紫薯饼套餐，53.9元欢聚四人套餐;,周一至周日 09:00-24:00,0898-65384182,42249,华莱士炸鸡汉堡创建品牌以来，先后在闽、沪、苏、浙、赣、粤、津等全国23个省96个市级以上城市开设连锁餐厅。经营的汉堡、炸鸡、薯条等产品，美味与实惠兼具，时尚与文化领先，深得广大消费者的青睐。简明舒适的就餐环境，品质的保证，享受得到的西式快餐,,False,1,48,42249,False,False
华莱士(新华南店),6626998,西式快餐/汉堡,华莱士,26189,http://p0.meituan.net/poi/40b78b9357bc226b82ad406d2d4ae43429705.png,3.6,23,6.9,人民公园,5312,20.040179,110.343358,龙华区新华南路52号多宝利商业广场斜对面,,,,6.9元黑椒鸡块，9.9元鸡肉卷，10元4串骨肉相连，11.9元鸡块小薯鸡米花，12.2元半只脆皮鸡+中可，12.9元时尚简约，12.9元辣翅鸡米花鸡块，13元香辣鸡腿堡，14元牛肉堡骨肉相连餐，26.9元双人套餐，32.9元六一双人餐，50元鸡肉卷紫薯饼套餐，53.9元欢聚四人套餐;,周一至周日 09:30-01:30,0898-66218421,41549,华莱士炸鸡汉堡创建品牌以来，先后在闽、沪、苏、浙、赣、粤、津等全国23个省96个市级以上城市开设连锁餐厅。经营的汉堡、炸鸡、薯条等产品，美味与实惠兼具，时尚与文化领先，深得广大消费者的青睐。简明舒适的就餐环境，品质的保证，享受得到的西式快餐,,False,1,92,41549,False,False
匠子烤鱼(望海店),52191709,烤鱼,匠子烤鱼,2699714,http://p0.meituan.net/poi/a60aaeb6e15861760710694484fa4a9a55005.png,4.1,63,99,明珠广场,5313,20.030768,110.344945,美兰区海秀东路望海国际六楼（拾味馆旁）,6,,,99代110元;,周一至周日 11:00-14:00 17:00-21:30,0898-66778599/13700470235,41258,,,False,1,152,41258,False,False
华莱士·全鸡汉堡(龙华NO.1店),95497,西式快餐/汉堡,华莱士,26189,http://p0.meituan.net/poi/40b78b9357bc226b82ad406d2d4ae43429705.png,3.7,14,8.9,万国大都会,5312,20.03066,110.33337,龙华区龙华路50号汇丰商厦一层第A013号,1,,免费提供5个停车位,8.9元鸡米花，12.9元单人套餐1，12.9元单人套餐2，13.9元小吃套餐2，13.9元小吃套餐1，19元单人餐，22元薯条，22.9元双人套餐，28.9元双人餐，32元双人餐，33.9元豪华炸鸡桶，40.8元双堡炸鸡桶;,周一至周日 09:00-02:00,0898-66787819,40726,仅6.4折，即享华莱士炸鸡汉堡单人套餐,,False,1,45,40726,True,False
华莱士·全鸡汉堡(龙昆南店),4751182,西式快餐/汉堡,华莱士,26189,http://p0.meituan.net/poi/40b78b9357bc226b82ad406d2d4ae43429705.png,3.9,21,6.9,红城湖,5315,20.004473,110.340279,琼山区龙昆南路金竹园小区71号,,,,6.9元黑椒鸡块，9.9元鸡肉卷，10元4串骨肉相连，11.9元鸡块小薯鸡米花，12.2元半只脆皮鸡+中可，12.9元时尚简约，12.9元辣翅鸡米花鸡块，13元香辣鸡腿堡，14元牛肉堡骨肉相连餐，26.9元双人套餐，32.9元六一双人餐，50元鸡肉卷紫薯饼套餐，53.9元欢聚四人套餐;,周一至周日 09:00-24:00,0898-65782217/13078947451,40697,华莱士炸鸡汉堡创建品牌以来，先后在闽、沪、苏、浙、赣、粤、津等全国23个省96个市级以上城市开设连锁餐厅。经营的汉堡、炸鸡、薯条等产品，美味与实惠兼具，时尚与文化领先，深得广大消费者的青睐。简明舒适的就餐环境，品质的保证，享受得到的西式快餐,,False,1,55,40697,True,False
华莱士·全鸡汉堡(国兴店),5657189,西式快餐/汉堡,华莱士,26189,http://p0.meituan.net/poi/40b78b9357bc226b82ad406d2d4ae43429705.png,3.6,26,6.9,海南工商学院周边,5315,20.0133,110.37278,琼山区文坛路体育运动场西区坐台首层A1商铺,,,,6.9元黑椒鸡块，9.9元鸡肉卷，10元4串骨肉相连，11.9元鸡块小薯鸡米花，12.2元半只脆皮鸡+中可，12.9元时尚简约，12.9元辣翅鸡米花鸡块，13元香辣鸡腿堡，14元牛肉堡骨肉相连餐，26.9元双人套餐，32.9元六一双人餐，50元鸡肉卷紫薯饼套餐，53.9元欢聚四人套餐;,周一至周日 09:00-24:00,0898-65370004,40669,华莱士炸鸡汉堡创建品牌以来，先后在闽、沪、苏、浙、赣、粤、津等全国23个省96个市级以上城市开设连锁餐厅。经营的汉堡、炸鸡、薯条等产品，美味与实惠兼具，时尚与文化领先，深得广大消费者的青睐。简明舒适的就餐环境，品质的保证，享受得到的西式快餐,,False,1,91,40669,False,False
德庄火锅(日月广场店),111574494,重庆火锅,,0,,4.6,61,9.9,国兴大道,5315,20.015069,110.346413,琼山区国兴大道16号日月广场天蝎座4楼,4,,,单人餐9.9元，双人餐139元，3-4人餐258元，6-8人餐368元;90代100元;,周一至周日 11:00-21:30,0898-65800445,40092,,,False,0,216,40092,True,False
蛙蛙时代(桫椤湾店),150011643,特色火锅,,0,,4.8,38,29.9,国兴大润发,5313,20.019989,110.375394,美兰区美苑路桫椤湾2栋2楼,,,,双人餐79元，2-3人餐99元，3-4人餐118元，3-4人餐128元，2-3人餐128元;29.9代50元，90代100元;,周一至周日 09:30-15:00 17:00-23:00,0898-65311663,39987,,,False,1,303,39987,True,False
一口牛果木炭火烤肉(友谊阳光城店),161104417,日式烧烤/烤肉,,0,,5,75,88,新友谊阳光城,5312,20.027241,110.323313,龙华区金龙路2号友谊阳光城6A层（10号电梯旁）,6A,,,双人餐158元起，4人餐318元，6人餐438元;88代100元;,周一至周日 11:00-21:30,0898-68513149,39666,,,False,1,278,39666,False,False
赖胖子肉蟹煲(友谊阳光城店),161884677,肉蟹煲,赖胖子肉蟹煲,2885366,,4.2,54,90,新友谊阳光城,5312,20.023826,110.324253,龙华区金龙路友谊阳光城8楼,8,,,双人餐128元，4人餐168元，6人餐228元;90代100元;,"周一至周五 10:00-21:00  周六,周日 10:00-21:30",0898-68525025,39596,,,False,1,435,39596,False,False
拾味馆·浓鲜骨汤·海南菜(上邦店),4453096,海南菜,拾味馆,28696,http://p1.meituan.net/poi/79d6a9d3470f3076b19f9bc6dd8d1ffa11693.png,4,57,69,金龙路,5312,20.021659,110.323025,龙华区上邦百汇城2号楼1层,1,,,满100减5（买单立享）;2-3人餐198元;69代100元，95代100元;,周一至周日 11:00-14:30 17:00-21:30,4006615100/0898-66772225,38744,拾味馆主打拾味砂锅骨汤，以引领饮食风尚，强调对幸福的品味与体验为特色，拒绝提供一成不变的菜肴与菜单，提供可口美食，贴心服务、价格实惠，时尚化的家庭式餐饮，深受大众喜爱。,,False,1,77,38744,True,False
华莱士(五公祠店),5429689,西式快餐/汉堡,华莱士,26189,http://p0.meituan.net/poi/40b78b9357bc226b82ad406d2d4ae43429705.png,3.6,14,8.9,红城湖,5315,20.006126,110.357537,琼山区府城街道办红城湖路115号,,,免费提供5个停车位,8.9元鸡米花，19元单人餐，22元薯条，22.9元双人套餐，32元双人餐，33.9元豪华炸鸡桶，40.8元双堡炸鸡桶;,周一至周日 09:00-02:00,0898-65856359,38654,,,False,0,3,38654,True,False
华莱士·全鸡汉堡(南沙一店),5338133,西式快餐/汉堡,华莱士,26189,http://p0.meituan.net/poi/40b78b9357bc226b82ad406d2d4ae43429705.png,4.2,11,6.9,南沙路,5312,20.01063,110.331855,龙华区湖南省办事处38号,,,,6.9元黑椒鸡块，9.9元鸡肉卷，10元4串骨肉相连，11.9元鸡块小薯鸡米花，12.2元半只脆皮鸡+中可，12.9元时尚简约，12.9元辣翅鸡米花鸡块，13元香辣鸡腿堡，14元牛肉堡骨肉相连餐，26.9元双人套餐，32.9元六一双人餐，50元鸡肉卷紫薯饼套餐，53.9元欢聚四人套餐;,周一至周日 09:30-01:30,0898-66774794,38599,华莱士炸鸡汉堡创建品牌以来，先后在闽、沪、苏、浙、赣、粤、津等全国23个省96个市级以上城市开设连锁餐厅。经营的汉堡、炸鸡、薯条等产品，美味与实惠兼具，时尚与文化领先，深得广大消费者的青睐。简明舒适的就餐环境，品质的保证，享受得到的西式快餐,,False,1,68,38599,False,False
咱外婆家的菜(友谊阳光城店),163146375,融合菜,,0,,5,50,92.9,新友谊阳光城,5312,20.023773,110.324185,龙华区金龙路2号（友谊阳光城7A楼）,7A,,,92.9代100元;,周一至周日 10:00-14:00 17:00-22:00,0898-65358613,38416,,,False,1,169,38416,False,False
华莱士·全鸡汉堡(政法学院店),5433531,西式快餐/汉堡,华莱士,26189,http://p0.meituan.net/poi/40b78b9357bc226b82ad406d2d4ae43429705.png,3.9,22,6.9,高铁东站/龙昆南,5315,19.984683,110.377405,琼山区新大洲大道250号（邮政储蓄银行隔壁）,,,,6.9元黑椒鸡块，9.9元鸡肉卷，10元4串骨肉相连，11.9元鸡块小薯鸡米花，12.2元半只脆皮鸡+中可，12.9元时尚简约，12.9元辣翅鸡米花鸡块，13元香辣鸡腿堡，14元牛肉堡骨肉相连餐，26.9元双人套餐，32.9元六一双人餐，50元鸡肉卷紫薯饼套餐，53.9元欢聚四人套餐;,周一至周日 09:00-23:00,0898-65851160,38274,华莱士炸鸡汉堡创建品牌以来，先后在闽、沪、苏、浙、赣、粤、津等全国23个省96个市级以上城市开设连锁餐厅。经营的汉堡、炸鸡、薯条等产品，美味与实惠兼具，时尚与文化领先，深得广大消费者的青睐。简明舒适的就餐环境，品质的保证，享受得到的西式快餐,,False,1,84,38274,False,False
拾味馆·浓鲜骨汤·海南菜(红城湖店),2396492,海南菜,拾味馆,28696,http://p1.meituan.net/poi/79d6a9d3470f3076b19f9bc6dd8d1ffa11693.png,4.1,55,49,红城湖,5315,20.002842,110.34811,琼山区红城湖路家乐福广场一楼,,,免费停车,满100减5（买单立享）;2-3人餐131元，双人餐158元，4人餐268元;49代100元，95代100元;,周一至周日 11:00-14:00 17:00-21:00,0898-65896610,38125,拾味馆主打拾味砂锅骨汤，以引领饮食风尚，强调对幸福的品味与体验为特色，拒绝提供一成不变的菜肴与菜单，提供可口美食，贴心服务、价格实惠，时尚化的家庭式餐饮，深受大众喜爱。,,False,1,54,38125,True,False
香辣缘,2451009,四川火锅,香辣缘,1168408,,4,47,58,海甸岛,5313,20.052816,110.344675,美兰区海甸岛海甸三东路伊甸园大厦二楼,,,免费提供10个停车位,8.8折（买单立享）;双人餐58元起，3人餐75元，4-5人餐79元，4-5人餐98元，4-5人餐129元，5-6人餐178元;75代100元;,周一至周日 11:00-14:00 16:30-05:00,0898-66260902/13876008051,37934,香辣缘是一家正宗的重庆火锅，在海南具有十多年的历史，赢得了广大新老客户的认可；尤其是能得到火锅发烧友的亲莱。该店位于海甸岛三东路13号（伊甸园大厦旁），该店以经营火锅闻名,,False,1,215,37934,True,False
拾味馆·浓鲜骨汤·海南菜(国兴大润发店),4636450,海南菜,拾味馆,28696,http://p1.meituan.net/poi/79d6a9d3470f3076b19f9bc6dd8d1ffa11693.png,5,54,95,国兴大润发,5313,20.017635,110.37448,美兰区国兴大道63号国兴大润发商店街41号（近国兴大道）,,,,满100减5（买单立享）;95代100元;,周一至周日 11:00-14:00 17:00-21:00,0898-65251110,37563,拾味馆主打拾味砂锅骨汤，以引领饮食风尚，强调对幸福的品味与体验为特色，拒绝提供一成不变的菜肴与菜单，提供可口美食，贴心服务、价格实惠，时尚化的家庭式餐饮，深受大众喜爱。,,False,1,19,37563,True,False
华莱士·全鸡汉堡(和平南路店NO27),5389867,西式快餐/汉堡,华莱士,26189,http://p0.meituan.net/poi/40b78b9357bc226b82ad406d2d4ae43429705.png,3.5,14,8.9,文明路/和平路,5313,20.037914,110.353272,美兰区和平南路24-2号（农业银行旁边）,,,免费提供5个停车位,8.9元鸡米花，12.9元单人套餐1，12.9元单人套餐2，13.9元小吃套餐2，13.9元小吃套餐1，19元单人餐，22元薯条，22.9元双人套餐，28.9元双人餐，32元双人餐，33.9元豪华炸鸡桶，40.8元双堡炸鸡桶;,周一至周日 08:00-22:00,0898-65352587,37559,,,False,1,74,37559,True,False
龙泉椰庭椰子鸡(日月广场店),118291258,海南菜,,0,,4.2,75,88,国兴大道,5315,20.016375,110.350892,琼山区海口日月广场东①摩羯座5楼,5,,,双人餐169元，4人餐279元，6人餐389元，8人餐529元;88代100元;,周一至周日 11:00-14:00 17:00-21:00,0898-65353636,37481,,,False,1,343,37481,False,False
打铁力量,156594258,港台甜品,,0,,5,15,12.8,望海国际广场,5313,20.0308,110.347046,美兰区五指山路与大英路交口体育培训中心一楼（爱语阳光楼下）,,,,12.8元冰豆浆清凉补/姜糖水清凉补 二选一，13.8元桃胶牛奶，15.8元1人套餐;,周一至周日 13:30-23:30,0898-65329369,37071,,,False,1,127,37071,True,False
吃饭皇帝大(日月广场店),163208919,湘菜,,0,,5,44,88,国兴大道,5315,20.016384,110.350638,琼山区国兴大道8号海航日月广场东1号摩羯座5层,5,,,双人餐99元，2-3人餐158元，3-4人餐228元，5-6人餐298元;88代100元;,周一至周日 11:00-14:00 17:00-21:00,0898-66500681,36679,,,False,1,287,36679,False,False
WALA蛙辣火锅(日月广场店),179350640,四川火锅,,0,,4.9,75,96,国兴大道,5315,20.016421,110.350604,琼山区国兴大道日月广场摩羯座5楼,5,,,2-3人餐96元，双人餐99元，4人餐138元起;,周一至周日 11:00-22:30,0898-66106889,36304,,,False,1,445,36304,False,False
牛局炭火烧肉(吾悦广场店),119837563,日式烧烤/烤肉,,0,,5,88,90,吾悦广场,5312,19.977514,110.339674,龙华区椰海大道新城吾悦广场4楼,4,,,双人餐188元起，4人餐368元起;90代100元;,周一至周日 11:30-14:00 17:30-21:00,0898-36665278,36234,,,False,0,343,36234,False,False
九子香辣蟹跳跳蛙(龙昆南路店),2409653,湘菜,九子香辣蟹,26844,http://p1.meituan.net/poi/26ac08fe6eda960f695bfab2bcb8798919582.png,3.9,65,29.9,龙昆南路,5312,20.018584,110.33351,龙华区南沙路20号凯盛广场一层A区13号铺面,1,,,双人餐29.9元起，3-4人餐98元，2-3人餐108元，3-4人餐118元，5人餐128元，2-3人餐158元;88代100元;,周一至周日 全天,0898-66762477,36209,在全国有300多家分店的九子香辣蟹，到咱海口来啦~九子香辣蟹特色的跳跳蛙、香辣虾、香辣蟹，无论是从色泽，还是味道，都是很好的。牛蛙火锅黄金搭档：青瓜、鸭血、豆腐皮，咱这也一个不落~任您品尝~九子香辣蟹坐落在龙昆南与南沙路交界处，以独特的味道、热诚的服务等着每一位顾客的到来~热爱美食的您，岂能错过。,,False,1,83,36209,True,False
薇薇安千层蛋糕(吾悦店),161850589,面包蛋糕,,0,,4.5,25,16.9,吾悦广场,5312,19.977801,110.33984,龙华区椰海大道新城吾悦广场3楼（Coco正对面）,3,,,16.9元千层蛋糕切件，75元蛋糕3选1，122.9元蛋糕8选1;29.9代38元;,周一至周日 10:00-22:00,13215711269,35895,,,False,1,103,35895,False,False
王味螺柳州螺蛳粉(吾悦店),157756946,螺蛳粉,,0,,4.8,14,10.9,吾悦广场,5312,19.97673,110.336747,龙华区龙昆南与椰海大道交汇新城吾悦广场金街s3-102号,1,,,10.9元原味螺蛳粉;,周一至周日 07:30-23:30,0898-66894830,35303,,,False,1,352,35303,False,False
华莱士·全鸡汉堡(大园店),4063155,西式快餐/汉堡,华莱士,26189,http://p0.meituan.net/poi/40b78b9357bc226b82ad406d2d4ae43429705.png,3.4,22,6.9,高铁东站/凤翔路,5315,19.988652,110.351358,琼山区大园路13号（怡和园酒店斜对面）,,,,6.9元黑椒鸡块，9.9元鸡肉卷，10元4串骨肉相连，11.9元鸡块小薯鸡米花，12.2元半只脆皮鸡+中可，12.9元时尚简约，12.9元辣翅鸡米花鸡块，13元香辣鸡腿堡，14元牛肉堡骨肉相连餐，26.9元双人套餐，32.9元六一双人餐，50元鸡肉卷紫薯饼套餐，53.9元欢聚四人套餐;,周一至周日 10:00-02:00,0898-65925044,35245,华莱士炸鸡汉堡创建品牌以来，先后在闽、沪、苏、浙、赣、粤、津等全国23个省96个市级以上城市开设连锁餐厅。经营的汉堡、炸鸡、薯条等产品，美味与实惠兼具，时尚与文化领先，深得广大消费者的青睐。简明舒适的就餐环境，品质的保证，享受得到的西式快餐,,False,1,61,35245,False,False
陇璟烧肉酒场(宜欣店),91519847,日式烧烤/烤肉,,0,,5,83,25,宜欣广场,5312,20.024794,110.312315,龙华区宜欣广场四楼,4,,,双人餐188元，3-4人餐368元;25代50元，89代100元;,周一至周日 11:30-14:00 17:00-21:30,0898-36606618,34864,,,False,0,135,34864,False,False
华莱士·全鸡汉堡(海大店),6766029,西式快餐/汉堡,华莱士,26189,http://p0.meituan.net/poi/40b78b9357bc226b82ad406d2d4ae43429705.png,3.7,13,8.9,海甸岛,5313,20.052857,110.340793,美兰区海南省海口市美兰区人民路街道人民路18号,,,免费提供5个停车位,8.9元鸡米花，12.9元单人套餐1，12.9元单人套餐2，13.9元小吃套餐2，13.9元小吃套餐1，19元单人餐，22元薯条，22.9元双人套餐，28.9元双人餐，32元双人餐，33.9元豪华炸鸡桶，40.8元双堡炸鸡桶;,周一至周日 08:00-01:00,0898-66164566,34645,,,False,1,62,34645,True,False
海之味开心花甲,88973803,花甲,,0,,4.1,15,14.9,解放西/泰龙城,5312,20.036534,110.337958,龙华区大同路泰龙城小吃街一楼直走到底左拐（老鸭粉丝店旁）,,,,14.9元招牌开心花甲，17.9元基围虾花甲;16.8代20元;,周一至周日 11:00-22:00,15108990385,34626,,,False,1,20,34626,True,False
一只酸奶牛(海甸城店),157759399,酸奶,,0,,5,13,11.8,海甸岛,5313,20.049106,110.343249,美兰区海甸二东路2号海甸城第一层L1-04A号,1,,,11.8元暖暖奶香紫米，11.8元暖暖奶香芋泥，15元卡乐比酸奶杯双杯，15.8元芒来芒趣酸奶多，15.8元草莓朵朵酸奶多，15.8元酸奶多肉葡萄，23.8元紫米露+草莓酸奶，24.8元燕麦+红豆，27.8元酸奶杨枝甘露套餐，28.8元桃之夭夭（2杯）;,"周一至周五 09:00-22:30  周六,周日 09:00-23:00",13700446625,34483,,,False,1,0,34483,False,False
味道呱呱叫火锅饭店(国贸分店),177917849,四川火锅,,0,,4.1,46,89.9,国贸大道,5312,20.023657,110.316718,龙华区国贸路69号华昌大厦1楼（王府小区对面）,1,,,3-4人餐89.9元;,周一至周日 全天,0898-65917789/13337667789,33951,,,False,0,399,33951,False,False
猪哥牛姐(友谊阳光城店),161882502,韩式烤肉,,0,,4.7,50,30,新友谊阳光城,5312,20.023561,110.324229,龙华区金龙路2号友谊阳光城7A,7A,,,双人餐139元起，3-4人餐209元，4-5人餐259元，4-5人餐269元;30代50元;,周一至周日 11:00-21:30,0898-65358713,33917,,,False,0,175,33917,False,False
财运猪肚包鸡(南宝路店),2384688,猪肚鸡火锅,,0,,4.6,46,69.9,明珠广场,5313,20.024988,110.344097,美兰区南宝路中洋花苑工商银行旁（星河连锁网吧对面）,,,,双人餐69.9元起，2-3人餐98元，3-4人餐99.9元，3-4人餐168元;,周一至周日 11:00-06:00,0898-66722096,33896,猪肚鸡火锅，在民间广为流传。食之美味，令人流连忘返,,False,0,147,33896,True,False
华莱士·全鸡汉堡(海垦店),95500,西式快餐/汉堡,华莱士,26189,http://p0.meituan.net/poi/40b78b9357bc226b82ad406d2d4ae43429705.png,3.7,23,6.9,海秀中路,5312,20.017071,110.312067,龙华区海秀中路89-3号（如家酒店）,,,,6.9元黑椒鸡块，9.9元鸡肉卷，10元4串骨肉相连，11.9元鸡块小薯鸡米花，12.2元半只脆皮鸡+中可，12.9元时尚简约，12.9元辣翅鸡米花鸡块，13元香辣鸡腿堡，14元牛肉堡骨肉相连餐，26.9元双人套餐，32.9元六一双人餐，50元鸡肉卷紫薯饼套餐，53.9元欢聚四人套餐;,周一至周日 08:00-24:00,0898-68950010,33582,华莱士炸鸡汉堡创建品牌以来，先后在闽、沪、苏、浙、赣、粤、津等全国23个省96个市级以上城市开设连锁餐厅。经营的汉堡、炸鸡、薯条等产品，美味与实惠兼具，时尚与文化领先，深得广大消费者的青睐。简明舒适的就餐环境，品质的保证，享受得到的西式快餐,,False,1,59,33582,False,False
豪约客牛排(香樟林店),116503616,牛排,,0,,5,58,65,海垦路,5312,20.008582,110.307384,龙华区海垦路49号香樟林风情街B段2楼（农垦总局对面）,,,,单人餐65元，双人餐128元，4人餐239元，6人餐369元，8人餐489元;142.5代150元;,周一至周日 10:00-22:00,0898-68510178,33199,,,False,1,117,33199,False,False
府美港式茶餐厅(中山南路店),71187954,茶餐厅,,0,,4.3,25,9.9,高登街,5315,19.996947,110.357896,琼山区中山南路82号,,,免费提供3个停车位,9.9元单人饮品，双人餐68元，3人餐88元;44代50元;,周一至周日 07:00-24:00,0898-65655999/13322009936,33084,,,False,1,19,33084,True,False
古叶咖啡(金盘店),40012122,西餐,,0,,4.9,30,9.9,金盘,5312,19.99117,110.32169,龙华区金盘路36号金盘广场三楼,,,免费提供30个停车位,9.9元超值饮品，13.9元超值单人下午茶，17.9元超值单人套餐，双人餐68元，3人餐78元，4人餐88元起;,周一至周日 全天,0898-66654888,32690,,,False,1,89,32690,True,False
CoCo都可(吾悦店),111754712,奶茶/果汁,CoCo都可,48791,http://p1.meituan.net/poi/28a4067295b8bd72fd3fa0b1628c121236345.png,5,13,8.55,吾悦广场,5312,19.977607,110.33985,龙华区迎宾路18号海口新城吾悦广场三层3007号商铺,3,,,8.5元芒果绿茶，9.5元珍珠奶茶，10.4元鲜芋奶茶，20.8元美式咖啡(L)，24元莓莓果茶大杯，25.2元金桔柠檬汁大杯，25.5元珍珠奶茶中杯，25.5元焦糖奶茶中杯，27元鲜芋芋圆牛奶中杯，27元鲜芋青稞牛奶中杯，28元鲜芋奶茶中杯，28元青稞奶茶中杯，28.8元拿铁咖啡(L)，30.6元双拼奶茶大杯，32元拿铁咖啡(L)，33.1元奶茶三兄弟大杯，40.8元鲜百香双响炮大杯;60代70元;,周一至周日 10:00-21:30,18289774241,32573,,,False,1,230,32573,False,False
余味重庆老火锅,85251214,重庆火锅,,0,,5,81,90,蓝天路沿线,5313,20.022046,110.345045,美兰区蓝天路15号（酒吧一条街2楼）,,,,6人餐318元，8人餐428元，10人餐588元;90代100元;,周一至周日 10:00-00:00,0898-66201558,32526,,,False,0,461,32526,True,False
匠子烤鱼(吾悦广场店),116473907,烤鱼,匠子烤鱼,2699714,http://p0.meituan.net/poi/a60aaeb6e15861760710694484fa4a9a55005.png,4.6,71,99,吾悦广场,5312,19.977572,110.339452,龙华区椰海大道新城吾悦广场4楼4019,4,,,99代110元;,周一至周日 11:00-15:00 17:00-21:00,0898-66800177,32436,,,False,1,216,32436,False,False
快乐爱斯米牛排自助(友谊阳光城店),160775411,综合自助,,0,,4.5,67,59.9,新友谊阳光城,5312,20.023571,110.324216,龙华区金龙路2号友谊阳光城8005号,8,,,单人午餐59.9元，单人午餐67.9元，单人午餐79.9元，单人午/晚餐87.9元;90代100元;,"周一至周五 11:00-14:00 17:00-21:30  周六,周日 11:00-14:30 17:00-21:30",0898-68526919/13368983936,32294,,,False,1,308,32294,False,False
猫迹料理(宜欣城店),99514904,日本料理,,0,,5,72,16,宜欣广场,5312,20.025122,110.312481,龙华区金贸中路宜欣城四楼,4,,,单人餐16元起，双人餐158元起，4人餐358元;92代100元;,周一至周日 11:00-21:30,0898-36606556,32276,,,False,0,143,32276,True,False
三顾冒菜(南宝路店),5241164,冒菜,三顾冒菜,110795,http://p1.meituan.net/poi/1d9a370dfd58340bff66330ddab1b2d340293.png,4.2,34,29,望海国际广场,5313,20.027491,110.344148,美兰区南宝路宏利大厦一楼（省邮电大厦对面）,,,,29代33元，45代50元;,周一至周日 11:00-14:00 17:30-21:30,0898-66733423,31539,冒菜不是菜，而是一种传统的烹饪工艺。“大锅、沸汤”的烹饪特点让三顾冒菜在营养锁定方面独具优势。具体做法是，将自选生鲜食材置于大锅沸汤中“冒”熟，而后用秘制纯油和老火靓汤调制出麻辣、微辣、三鲜等不同口味，满足大众美食需求，是都市一族热捧的时尚餐饮模式。三顾冒菜源自三顾茅庐的历史典故，传承悠久，精品正宗。三顾冒菜致力于打造中国冒菜品牌。 采用自主选菜、去水称重、透明厨房的经营方式，将《消费者权益保护法》规定的自主选择权、公平交易权、消费知情权等原原本本地奉还给顾客。看得见、选得着、吃得香是三顾冒菜的真实体验。亲，来吧，来一次就能喜欢上！,,False,1,0,31539,True,False
华莱士·全鸡汉堡(兴丹路NO51店),102933018,西式快餐/汉堡,华莱士,26189,http://p0.meituan.net/poi/40b78b9357bc226b82ad406d2d4ae43429705.png,4.6,15,8.9,兴丹路,5315,20.005162,110.366668,琼山区兴丹路37号（海南教育科学研究院斜对面）,,,,8.9元鸡米花，12.9元单人套餐1，12.9元单人套餐2，13.9元小吃套餐2，13.9元小吃套餐1，19元单人餐，22元薯条，22.9元双人套餐，28.9元双人餐，32元双人餐，33.9元豪华炸鸡桶，40.8元双堡炸鸡桶;,周一至周日 09:00-23:30,0898-65370301,31512,,,False,1,75,31512,False,False
拾味馆·浓鲜骨汤·海南菜(宜欣店),1181671,海南菜,拾味馆,28696,http://p1.meituan.net/poi/79d6a9d3470f3076b19f9bc6dd8d1ffa11693.png,4,58,95,宜欣广场,5312,20.024675,110.312764,龙华区明珠路8号宜欣城4楼,4,,,满100减5（买单立享）;双人餐158元，4人餐268元;95代100元;,周一至周日 11:00-14:00 17:00-21:00,18689988745/18308927745,31451,拾味馆主打拾味砂锅骨汤，以引领饮食风尚，强调对幸福的品味与体验为特色，拒绝提供一成不变的菜肴与菜单，提供可口美食，贴心服务、价格实惠，时尚化的家庭式餐饮，深受大众喜爱。,,False,1,35,31451,True,False
匠子烤鱼(国秀城店),92505440,烤鱼,匠子烤鱼,2699714,http://p0.meituan.net/poi/a60aaeb6e15861760710694484fa4a9a55005.png,4.3,69,99,国兴大润发,5313,20.014646,110.376641,琼山区国兴大道国秀城一楼101商铺（国兴大润发斜对面）,1,,,99代110元;,周一至周日 11:00-14:00 17:00-21:30,0898-65391017,31362,,,False,1,77,31362,False,False
cocolol我爱南洋菜(日月广场店),111211330,越南菜,,0,,5,81,22.5,国兴大道,5315,20.015757,110.350429,琼山区大英山西五街海航日月广场金牛座L4层,4,,,单人餐22.5元，双人餐148元起，3-4人餐298元，3-4人餐326元;89代100元;,周一至周日 11:00-21:30,0898-32883838,31236,,,False,1,203,31236,True,False
马大胡子(复兴城店),1182193,西北菜,马大胡子,1171396,,4.2,53,22,复兴城,5312,20.038928,110.318953,龙华区滨海大道32号复兴城C区第4层,,,,单人餐22元起;88代100元;,周一至周日 10:30-14:30 16:30-21:00,0898-66668335,31229,"兰州牛肉拉面距今已有一百二十年的历史，因被中国烹饪协会评为三大中式快餐之一，而成为地地道道的“中华名面”。具有“一清二白三红四绿”的悦目色彩、牛肉烂软、萝卜白净、辣油红艳、香菜翠绿、诸味和谐、诱人食欲等特点。面选用韧性强的优质精粉，拉抻起来风情万象，吃到嘴里柔韧爽滑，有宽达二指的""大宽""、形如草叶的“韭叶”、细如丝线的“毛细”、还有“二细”、“三细”等！我们把它称为面食艺术的造型表演， 实不为过。无论南方人、北方人还是外国朋友， 均感到奇妙无比， 不可思议！一碗面赢得了国内乃至全世界顾客的好评。兰州牛肉拉面汤要清，汤与肉鲜香浓郁，不膻不腥。兰州牛肉拉面一定要配牛肉。牛肉富含蛋白质，脂肪含量低，补脾益气强筋壮骨，享有“肉中骄子”美称。马大胡子秘制牛腱子更是“骄子”中的上品，肉内夹筋，质细有弹性，富含胶原蛋白，鲜嫩清香，回味无穷。",,False,0,132,31229,True,False
竹林渡(万国店),70741121,烤鱼,,0,,4.6,66,93,万国大都会,5312,20.031718,110.337711,龙华区万国西路义龙中学旁（义龙商厦第二层）,,,,双人餐138元起，3人餐198元;93代100元;,周一至周日 11:00-14:00 17:00-21:30,0898-66188881,30867,,,False,1,35,30867,True,False
华莱士·全鸡汉堡(银谷苑店),1421453,西式快餐/汉堡,,0,,3.6,14,8.9,海甸岛,5313,20.054274,110.352142,美兰区海甸街道和平大道16号银谷苑第一层商城128号、129号（金岛家私隔壁）,1,,免费提供5个停车位,8.9元鸡米花，12.9元单人套餐1，12.9元单人套餐2，13.9元小吃套餐2，13.9元小吃套餐1，19元单人餐，22元薯条，22.9元双人套餐，28.9元双人餐，32元双人餐，33.9元豪华炸鸡桶，40.8元双堡炸鸡桶;,周一至周日 09:00-24:00,0898-66262640,30263,,,False,1,38,30263,True,False
豪约客牛排(海大南门店),104946522,牛排,,0,,5,59,65,海甸岛,5313,20.050037,110.335858,美兰区海甸三西路21-16号（市政花园延街铺面二楼）,,,,单人餐65元，双人餐128元，4人餐239元，6人餐369元，8人餐489元;142.5代150元;,周一至周日 10:00-22:00,0898-65779178,30247,,,False,1,119,30247,False,False
汉堡大师(大园店),80285511,小吃快餐,,0,,4.4,22,9.9,大园路,5315,19.98825,110.35079,琼山区大园路22号,,,商家服务：免费提供6个停车位,9.9元汉堡美味单人套餐，19.8元蜜汁手扒鸡套餐，22.8元美味经济双人套餐，57.9元鸿运全家福套餐;,周一至周日 09:00-24:00,0898-65925442,29968,,,False,1,33,29968,False,False
龙泉人家乡味椰子鸡汤(电视台店),1998444,海南菜,龙泉人椰子鸡汤,27399,,5,63,88,南沙路,5312,20.005285,110.327253,龙华区南沙路55号（坡博市场对面）,,,免费提供50个停车位,双人餐138元，3-4人餐188元，5-6人餐398元，8-10人餐799元，10-12人餐1088元;88代100元;,周一至周日 10:30-21:00,0898-66591218,29884,龙泉人椰子鸡汤是龙泉集团培育的又一旗下餐饮品牌，龙泉集团经过一年多的市场考察、研究，于2011年9月**家店面开张营业，至2012年8月短短不到一年的时间里已经连续开了五家分店，每家店面都高朋满座。龙泉人椰子鸡汤是近年新兴的时尚潮流风味餐厅，是商务旅游、生日宴请、家庭聚餐的理想选择。龙泉椰子鸡汤选材讲究绿色、健康、新鲜、美味。鸡选用正宗龙泉文昌鸡，椰子选用海南本土新鲜椰青，配上鲜甜爽口的珍珠马蹄，汤底由龙泉优质大厨经过反复研究，选定科学方法调配而成，口感清甜、自然。,,False,0,80,29884,True,False
华莱士·全鸡汉堡(中山路店),4536288,西式快餐/汉堡,华莱士,26189,http://p0.meituan.net/poi/40b78b9357bc226b82ad406d2d4ae43429705.png,3.8,24,6.9,中山南路,5315,19.990636,110.361354,琼山区中山路8号（南北水果市场对面）,,,,6.9元黑椒鸡块，9.9元鸡肉卷，10元4串骨肉相连，11.9元鸡块小薯鸡米花，12.2元半只脆皮鸡+中可，12.9元时尚简约，12.9元辣翅鸡米花鸡块，13元香辣鸡腿堡，14元牛肉堡骨肉相连餐，26.9元双人套餐，32.9元六一双人餐，50元鸡肉卷紫薯饼套餐，53.9元欢聚四人套餐;,周一至周日 09:00-24:00,0898-65803687,29863,,,False,1,41,29863,True,False
豪约客牛排(府城店),42037559,中西餐厅,豪约客中西餐厅,1702967,,4.3,51,65,忠介路,5315,20.000702,110.355643,琼山区中山北路36号薇阁酒店二楼（琼山旅行社公交车站旁）,,,,单人餐65元，双人餐128元，4人餐239元，6人餐369元，8人餐489元;142.5代150元;,周一至周日 11:00-22:00,0898-65813458,29843,,,False,1,144,29843,True,False
华莱士·全鸡汉堡(万达南洋里店),130907363,快餐简餐,华莱士,26189,http://p0.meituan.net/poi/40b78b9357bc226b82ad406d2d4ae43429705.png,4.4,15,8.9,万达广场,5314,19.980715,110.278807,秀英区白水塘路万达广场南洋里D11-105商铺,3,,,8.9元鸡米花，12.9元单人套餐1，12.9元单人套餐2，13.9元小吃套餐2，13.9元小吃套餐1，19元单人餐，22元薯条，22.9元双人套餐，28.9元双人餐，32元双人餐，33.9元豪华炸鸡桶，40.8元双堡炸鸡桶;,周一至周日 08:00-22:00,0898-68683807,29811,,,False,1,111,29811,False,False
牛局炭火烧肉(上邦百汇城店),179207808,日式烧烤/烤肉,,0,,5,94,90,上邦百汇城,5312,20.021659,110.323025,龙华区上邦百汇城2号楼3层,3,,,双人餐188元起，4人餐368元起;90代100元;,周一至周日 11:30-14:00 17:30-21:00,0898-68573384,29662,,,False,0,340,29662,False,False
匠子烤鱼(日月广场店),119812901,烤鱼,匠子烤鱼,2699714,http://p0.meituan.net/poi/a60aaeb6e15861760710694484fa4a9a55005.png,5,75,99,国兴大道,5315,20.015473,110.351041,琼山区五指山南路日月广场水瓶座4楼,3A,,,99代110元;,周一至周日 11:00-14:00 17:00-21:00,0898-32883921,29642,,,False,1,137,29642,False,False
大自然醉鹅,103398905,顺德菜,,0,,4.5,62,98,海秀中路,5312,20.01603,110.30804,龙华区海秀中路112号,,,,2-3人餐98元，2-3人餐148元，3-4人餐178元，5-6人餐228元，6人餐258元，8人餐338元，8-10人餐348元，10人餐408元;,周一至周日 10:30-22:00,0898-68960138/15008981889,29558,,,False,0,126,29558,False,False
鱼尚鲜草帽石锅鱼(友谊阳光城店),162124703,鱼火锅,,0,,5,65,128,新友谊阳光城,5312,20.023355,110.3239,龙华区金龙路2号友谊阳光城6A层,6A,,,双人餐128元，3-4人餐178元，5-6人餐256元;,周一至周日 11:00-21:30,0898-68508389,29481,,,False,0,215,29481,False,False
匠子烤鱼(和信店),92650828,烤鱼,匠子烤鱼,2699714,http://p0.meituan.net/poi/a60aaeb6e15861760710694484fa4a9a55005.png,4.1,59,99,龙昆南路,5312,20.004785,110.338738,龙华区龙昆南路58号大润发超市一楼（和信广场）,1,,,99代110元;,周一至周日 11:00-14:00 17:00-21:30,0898-65689733,29457,,,False,1,153,29457,False,False
华莱士·全鸡汉堡(灵山NO.30店),6320338,西式快餐/汉堡,华莱士,26189,http://p0.meituan.net/poi/40b78b9357bc226b82ad406d2d4ae43429705.png,3.8,16,8.9,灵山镇,5313,19.967986,110.434403,美兰区灵山镇琼文大道49号,,,免费提供5个停车位,8.9元鸡米花，12.9元单人套餐1，12.9元单人套餐2，13.9元小吃套餐2，13.9元小吃套餐1，19元单人餐，22元薯条，22.9元双人套餐，28.9元双人餐，32元双人餐，33.9元豪华炸鸡桶，40.8元双堡炸鸡桶;,周一至周日 09:00-01:00,0898-65727817,29445,,,False,1,52,29445,True,False
重庆秦妈火锅(鹏晖广场店),101813765,重庆火锅,重庆秦妈火锅,1055380,,4.5,63,78,海甸岛,5313,20.05789,110.3494,美兰区和平大道鹏晖广场四层,4,,,双人餐138元，3人餐199元，4人餐248元，6人餐339元;78代100元;,周一至周日 10:30-22:00,0898-66286729/18323861653,29301,,,False,0,52,29301,False,False
蛙蛙时代(高登东街店),187258181,火锅,,0,,4.6,47,29.9,高登街,5315,19.999144,110.363241,琼山区高登东街128-1号,,,,双人餐69元，2-3人餐79元，2-3人餐108元，2-3人餐109元，3-4人餐128元;29.9代50元，90代100元;,周一至周日 11:00-15:00 17:00-03:00,0898-32182628,28954,,,False,1,423,28954,False,False
町町屋日式料理(友谊阳光城店),161497303,日本料理,,0,,5,74,92,新友谊阳光城,5312,20.023595,110.323947,龙华区金龙路2号新友谊阳光城7F,7,,,每满100减5（买单立享）;双人餐168元起，3人餐358元;92代100元;,周一至周日 11:00-22:00,0898-68510236,28762,,,False,1,331,28762,False,False
筷子火锅(上邦店),117245341,四川火锅,,0,,4.2,55,88,上邦百汇城,5312,20.02129,110.32314,龙华区金龙路上邦百汇城一号楼三楼左侧（上邦小吃街楼上）,3,,,88代100元;,周一至周日 11:00-14:00 17:00-22:00,0898-68513364/13876986112,28589,,,False,0,0,28589,False,False
周末欢聚餐厅(文明东店),41046838,快餐简餐,,0,,4.1,17,20,白龙路沿线,5313,20.037856,110.362319,美兰区文明东路42号展兴颐龙名居1F/D1，1F/D2-1号商铺,,,停车位收费标准：潮立方商场停车位,20元玉兔奶冻＋冷泡茶，39.8元单人套餐;,周一至周日 08:00-24:00,0898-65322911,28413,,,False,1,9,28413,True,False
鹅公馆(友谊阳光城店),169492965,顺德菜,,0,,5,44,17,新友谊阳光城,5312,20.02353,110.32412,龙华区金龙路1号友谊阳光城8楼（4号电梯）,8,,,2-3人餐99.9元，3-4人餐179.9元，4-6人餐219.9元，6-8人餐339.9元;17代20元，88代100元;,周一至周日 11:30-21:30,0898-68522717,28411,,,False,1,253,28411,False,False
佳捷休闲餐吧,177830574,快餐简餐,,0,,4.8,34,9.9,中山南路,5315,19.994149,110.359984,琼山区中山南路50号（南北水果批发市场旁）,,,,单人餐9.9元起，双人餐58元起，4人餐78元;78代100元;,周一至周日 07:30-00:00,0898-36382578,28183,,,False,0,215,28183,False,False
围炉海鲜烤肉自助(上邦百汇城店),193639815,综合自助,,0,,4.5,69,61.9,上邦百汇城,5312,20.021219,110.323799,龙华区金龙路11号上邦百汇城3号楼2楼（欢乐故事电玩城隔壁）,2,,,单人晚餐61.9元，单人午餐61.9元，单人晚餐65.9元，单人午餐71.9元，单人晚餐71.9元，单人晚餐75.9元;,周一至周日 11:00-21:30,0898-68537442,28116,,,False,0,270,28116,False,False
江原道韩式自助烤肉,6931734,自助烧烤,,0,,4.3,35,36,红城湖,5315,19.998259,110.346321,琼山区府城板桥路4号（海南省经济技术学校旁）,,,,单人午/晚餐36元起;,周一至周日 11:00-14:00 17:00-21:00,13519825657,27970,江原道烤肉食材丰富多样，每天新鲜采购，保证肉类品质。贴心周到的服务，经济实惠的消费，适合朋友聚餐、情侣约会等。江原道烤肉，让你爱上烤肉的味道。,,False,0,19,27970,True,False
普洛旺斯餐厅(日月店),118845650,西式简餐,,0,,5,72,19.9,国兴大道,5315,20.016466,110.350714,琼山区国兴大道海航日月广场摩羯座4楼,4,,,19.9元下午茶单点饮料，25.9元小吃;95代100元;,周一至周日 11:30-21:00,0898-32884128,27460,,,False,0,223,27460,False,False
暧尚火锅(解放店),4224960,火锅,,0,,4.6,39,78,解放西/泰龙城,5312,20.040692,110.342512,龙华区新华北路百货大楼附楼二楼,2,,,双人餐78元，3-4人餐98元，3-4人餐98元;85代100元;,周一至周日 10:00-22:00,0898-66235830,27314,暧尚自助餐厅位于百货大楼2楼，本店以简约时尚风格为主题，深受广大消费者喜欢，交通便利，环境优美，环境大气而精致，宽敞而明亮的环境让前去用餐的消费者心情舒适，而时尚雅致的装修也会带给每位前来消费的顾客一个愉悦的心情。本店上百种菜品任您挑选，自助小火锅、巴西烤肉、牛扒口感鲜美，精美可口的小糕点，海鲜任您选，不管您是商务洽谈，情侣约会，朋友聚餐，暧尚自助都能给您提供最优美的环境与气氛！,,False,0,82,27314,True,False
蛙来哒(府城店),175411037,湘菜,蛙来哒炭烧牛蛙,2884669,,5,71,139,忠介路,5315,20.000524,110.355895,琼山区府城琼山区中山路10号2楼爱语阳光旁边,,,,双人餐139元;,周一至周日 11:00-23:00,0898-66552689,27263,,,False,1,387,27263,False,False
悟牛烧肉(友谊阳光城店),161104272,日式烧烤/烤肉,,0,,5,86,188,新友谊阳光城,5312,20.02361,110.32397,龙华区金龙路友谊阳光城7楼7012商铺2号观光梯、7号客厅梯旁,7,,,双人餐188元，3-4人餐368元;,周一至周日 11:00-14:00 17:00-22:00,0898-68510989,27202,,,False,0,190,27202,False,False
华莱士·全鸡汉堡(南航NO55店),110177108,西式快餐/汉堡,华莱士,26189,http://p0.meituan.net/poi/40b78b9357bc226b82ad406d2d4ae43429705.png,4.6,15,8.9,蓝天路沿线,5313,20.025463,110.341313,美兰区蓝天路与大英路交叉口川妹火锅对面,,,,8.9元鸡米花，12.9元单人套餐1，12.9元单人套餐2，13.9元小吃套餐2，13.9元小吃套餐1，19元单人餐，22元薯条，22.9元双人套餐，28.9元双人餐，32元双人餐，33.9元豪华炸鸡桶，40.8元双堡炸鸡桶;,周一至周日 08:00-22:00,0898-66729417,27149,,,False,1,82,27149,False,False
钢管厂五区小郡肝串串(国贸玉沙路店),164519270,串串香,,0,,5,72,88,玉沙路,5312,20.026825,110.320306,龙华区玉沙路国贸经典大厦1层,1,,,128元午餐特惠套餐，169元午餐特惠套餐，208元午餐特惠套餐;88代100元;,周一至周日 11:00-06:00,0898-68545644,27126,,,False,0,294,27126,False,False
赖胖子肉蟹煲(友谊广场店),95096122,肉蟹煲,赖胖子肉蟹煲,2885366,,4.6,57,90,人民公园,5312,20.037648,110.337224,龙华区大同路友谊商场6楼,6,,,双人餐128元，4人餐168元，6人餐228元;90代100元;,周一至周日 11:00-16:00 17:00-21:30,0898-66769637,27123,,,False,1,154,27123,False,False
西门外广场老妈肠粉,78640134,肥肠粉,,0,,4.8,8,6.9,解放西/泰龙城,5312,20.03943,110.34228,龙华区西门外38号-1（第三小学对面）,,,,6.9元招牌肠粉，7.9元招牌加伊面;,周一至周日 09:00-20:00,18889142594,26936,,,False,1,101,26936,True,False
宝丽餐厅(京华城店),5392691,粤菜,,0,,3.9,58,49.9,京华城,5312,20.028758,110.319523,龙华区玉沙路西侧海岸金城2层2号商铺,2,,有停车位,双人餐49.9元起，4人餐238.8元;,周一至周日 11:00-22:00,0898-68526669/13671961256,26671,,,False,1,58,26671,True,False
避风苑(中山路总店),5716479,火锅,,0,,4,29,55,忠介路,5315,20.002778,110.355097,琼山区中山北路53号（天茂商场斜对面）,,,,双人餐55元，3-4人餐98元，3-4人餐103元，2-3人餐106元;,周一至周日 11:00-21:00,0898-32875915/13876058630,26617,,,False,1,139,26617,True,False
华莱士·全鸡汉堡(新埠岛店),4310894,西式快餐/汉堡,华莱士,26189,http://p0.meituan.net/poi/40b78b9357bc226b82ad406d2d4ae43429705.png,4.1,24,6.9,新埠岛,5313,20.054807,110.365425,美兰区新埠大道新世界花园斜对面（新埠岛大桥附近）,,,,6.9元黑椒鸡块，9.9元鸡肉卷，10元4串骨肉相连，11.9元鸡块小薯鸡米花，12.2元半只脆皮鸡+中可，12.9元时尚简约，12.9元辣翅鸡米花鸡块，13元香辣鸡腿堡，14元牛肉堡骨肉相连餐，26.9元双人套餐，32.9元六一双人餐，50元鸡肉卷紫薯饼套餐，53.9元欢聚四人套餐;,周一至周日 10:00-22:00,0898-66248837/18876731024,26608,华莱士炸鸡汉堡创建品牌以来，先后在闽、沪、苏、浙、赣、粤、津等全国23个省96个市级以上城市开设连锁餐厅。经营的汉堡、炸鸡、薯条等产品，美味与实惠兼具，时尚与文化领先，深得广大消费者的青睐。简明舒适的就餐环境，品质的保证，享受得到的西式快餐,,False,1,114,26608,False,False
拾味馆·浓鲜骨汤·海南菜(国贸店),1109266,海南菜,拾味馆,28696,http://p1.meituan.net/poi/79d6a9d3470f3076b19f9bc6dd8d1ffa11693.png,4,58,60,金龙路,5312,20.025683,110.319421,龙华区国贸大道36号嘉陵大厦2楼,2,,有停车位,满100减5（买单立享）;单人餐60元，双人餐158元，4人餐268元;95代100元;,周一至周日 11:00-14:00 17:00-21:00,0898-68561338,26594,拾味馆主打拾味砂锅骨汤，以引领饮食风尚，强调对幸福的品味与体验为特色，拒绝提供一成不变的菜肴与菜单，提供可口美食，贴心服务、价格实惠，时尚化的家庭式餐饮，深受大众喜爱。,,False,1,52,26594,True,False
拾味馆·浓鲜骨汤·海南菜(日月广场店),119656399,海南菜,拾味馆,28696,http://p1.meituan.net/poi/79d6a9d3470f3076b19f9bc6dd8d1ffa11693.png,4.6,60,95,日月广场,5315,20.014719,110.351173,琼山区大英山西三路海航日月广场水瓶座4楼（万达影院旁）,3A,,,满100减5（买单立享）;双人餐189元，3-4人餐318元，5-6人餐498元;95代100元;,周一至周日 11:00-15:00 17:00-21:30,0898-32883122,26544,,,False,1,195,26544,False,False
华莱士·全鸡汉堡(四中店),108713101,西式快餐/汉堡,华莱士,26189,http://p0.meituan.net/poi/40b78b9357bc226b82ad406d2d4ae43429705.png,4.4,28,6.9,美兰区,5313,20.02763,110.37172,美兰区美苑路53号,,,,6.9元黑椒鸡块，9.9元鸡肉卷，10元4串骨肉相连，11.9元鸡块小薯鸡米花，12.2元半只脆皮鸡+中可，12.9元时尚简约，12.9元辣翅鸡米花鸡块，13元香辣鸡腿堡，14元牛肉堡骨肉相连餐，26.9元双人套餐，32.9元六一双人餐，50元鸡肉卷紫薯饼套餐，53.9元欢聚四人套餐;,周一至周日 09:00-02:00,0898-65348767,26409,,,False,1,106,26409,False,False
小印度,2514611,印度菜,印度尼泊尔菜,1255743,,3.9,66,85,京华城,5312,20.027141,110.318595,龙华区玉沙路21号（京华城D区1F002-3号铺）,1,,免费提供50个停车位,双人餐88元起，3人餐176元，4人餐248元，6人餐338元;85代100元;,周一至周日 10:00-22:30,0898-68554827,26163,印度尼泊尔餐厅凭其经典的室内设计，正宗的口味，周到优质的服务和浪漫神秘的氛围，成为东南亚地区的知名异域主题餐厅，也是广大美食爱好者的乐园。在印度尼泊尔餐厅，您不但会踏上神迷的印度之旅，并可享受印度美食所带来的独特而奇妙味觉感受。餐厅的室内设计以 “丝绸之路”为主题，受中国4世纪及7世纪时法显和唐僧经印度往中亚取经的古老历史旅程所启发，带您奔向这个神迷旅程。,,False,1,34,26163,True,False
新疆伏拉沃餐厅,41368547,新疆菜,,0,,4.4,46,88,白龙路沿线,5313,20.03055,110.362007,美兰区白龙路海瀛大厦二楼2号铺面,,,免费提供50个停车位,双人餐96元，3-4人餐149元，8-10人餐355元;88代100元;,周一至周日 11:30-14:00 17:30-21:00,0898-65309592,25858,,,False,1,63,25858,True,False
莱得快(日月广场店),158683640,小吃快餐,,0,,5,23,16.8,国兴大道,5315,20.015705,110.349401,琼山区国兴大道8号日月广场一号星悦下沉广场,-1,,,23元1人套餐，24.8元招牌单人餐，49元2人套餐;16.8代20元;,周一至周日 09:30-22:30,18876846831,25816,,,False,1,221,25816,False,False
WOW西餐酒吧(国贸店),165394696,西餐,,0,,5,53,1,玉沙路,5312,20.024609,110.32021,龙华区玉沙路13号海德堡酒店2楼,,,,2-3人餐1元，3-4人餐81元，双人餐89元，2-4人餐99元，3-4人餐168元，198元野格红牛洋酒套餐;89代100元;,周一至周日 18:00-04:00,17689892037/17689798350,25700,,,False,0,97,25700,False,False
啡曼特航空主题餐厅(友谊阳光城店),162091064,牛排,,0,,4.2,63,79,新友谊阳光城,5312,20.02353,110.32412,龙华区金龙路2号国贸友谊阳光城7F楼层7006,7,,,双人餐99元起，双人餐99元起，3-4人餐268元;79代100元;,周一至周日 11:00-22:00,0898-68508565/15808936910,25310,,,False,0,87,25310,False,False
小龙坎老火锅(解放西路店),163540423,四川火锅,小龙坎老火锅,2883441,http://p0.meituan.net/poi/108c210fe9a4ae636e2711fa68841da394319.png,4.6,76,88,解放西/泰龙城,5312,20.039432,110.340818,龙华区解放西路金棕榈广场三楼,3,,,88代100元;,周一至周日 10:00-21:00,0898-32162888,25205,,,False,0,96,25205,False,False
亨立肥牛(国贸店),1180533,火锅,亨立肥牛,26036,,4.1,79,98,龙昆北路,5312,20.02943,110.32584,龙华区国贸路6号瑞特广场四楼（近建行总行）,4,,,双人餐98元，5人餐298元，6-8人餐498元;,周一至周日 11:30-14:00 17:30-21:00,0898-68582233,25165,亨立肥牛做为全国连锁机构海南一家经营肥牛火锅系列的典范在倡导中西饮食文化，也丰富了椰城任命的饮食需求。自1998年开业以来，以“我为人人”为宗旨将一如既往，不断创新，始终将优雅的环境，优质的服务，美味的佳肴献给有品味的您。环境优雅、设施上乘、服务优质是各种聚会和宴请宾朋的上佳选择。十五年的经营历史，亨立肥牛的经营理念： 100%美味+100%服务=100%享受。,,False,0,0,25165,True,False
椰子不语(宜欣店),98525557,海南菜,椰子不语,2883150,,5,76,89.9,宜欣广场,5312,20.024615,110.312372,龙华区金贸中路与明珠路交叉口宜欣城4楼,4,,,9.5折（买单立享）;双人餐99.9元起，4人餐339.9元;89.9代100元;,周一至周日 11:00-14:00 17:00-21:00,0898-36606659,24922,,,False,1,135,24922,True,False
薇薇安千层蛋糕(万达店),164915168,面包蛋糕,,0,,4.9,24,16.9,万达广场,5314,19.97915,110.2784,秀英区224国道万达广场3楼中庭,3,,,16.9元千层蛋糕切件，75元蛋糕3选1，122.9元蛋糕8选1;29.9代38元;,周一至周日 09:30-22:00,18789782181,24916,,,False,1,112,24916,False,False
华莱士·全鸡汉堡(蓝天店NO26),2627869,西式快餐/汉堡,华莱士,26189,http://p0.meituan.net/poi/40b78b9357bc226b82ad406d2d4ae43429705.png,3.6,14,8.9,蓝天路沿线,5313,20.026027,110.358438,美兰区蓝天路69号佳裕大厦一楼（近佳裕大厦）,,,免费提供5个停车位,8.9元鸡米花，12.9元单人套餐1，12.9元单人套餐2，13.9元小吃套餐2，13.9元小吃套餐1，19元单人餐，22元薯条，22.9元双人套餐，28.9元双人餐，32元双人餐，33.9元豪华炸鸡桶，40.8元双堡炸鸡桶;,周一至周日 09:00-24:00,0898-65395417,24437,,,False,1,33,24437,True,False
好兄弟碳烤羊腿(承接户外烧烤.烤全羊)(金垦店),97040474,烤羊腿,,0,,5,51,95,金牛岭公园周边,5312,20.003394,110.313439,龙华区金牛路老稻美食街C栋4楼,,,,双人餐178元，3-4人餐188元，5-6人餐300元，7-8人餐448元，8-12人餐1280元;95代100元;,周一至周日 16:00-01:00,0898-68913415/13698981115,24334,,,False,1,126,24334,False,False
味蜀吾·成都老火锅(桫椤湾店),158699028,四川火锅,味蜀吾沸腾三国,2884507,,4.8,80,59,国兴大润发,5313,20.019896,110.37588,美兰区美苑路桫椤湾商业街3楼,,,,双人餐59元起，3-4人餐238元;90代100元;,周五至周日 10:30-24:00  周一至周四 10:30-14:30 16:00-23:30,0898-65228450/18089845200,24115,,,False,1,131,24115,True,False
匠子烤鱼(宜欣店),91472825,烤鱼,匠子烤鱼,2699714,http://p0.meituan.net/poi/a60aaeb6e15861760710694484fa4a9a55005.png,5,71,99,宜欣广场,5312,20.024918,110.312885,龙华区明珠路89号宜欣城4楼,4,,,99代110元;,周一至周日 11:00-14:00 17:00-21:00,0898-36606669,23996,,,False,1,145,23996,False,False
白莲鹅食府(总店),1477594,海南菜,,0,,3.8,48,68,龙昆南路,5312,20.014543,110.32778,龙华区金宇东路映山红大酒店二楼（中级法院对面）,,,,2-3人餐98元，5-6人餐267元，8-10人餐423元;68代100元;,周一至周日 11:30-14:00 17:30-21:00,0898-36662038/36394888,23639,白莲鹅食府成立于龙华区金宇东路映山红大酒店二楼，是一家新开业具有本土地方气息的特色美食机构，餐饮崇尚绿色健康的饮食习惯，选用当地时下新鲜、鲜活的绿色食材，更健康更环保。店内环境大气舒适。白莲鹅食府坚持采取“公司+基地+农户”的生产经营模式，提供优质的白莲鹅，让消费者吃得健康， 吃得满意。,,False,0,12,23639,True,False
华莱士·全鸡汉堡(西溪里NO.35店),5993090,西式快餐/汉堡,华莱士,26189,http://p0.meituan.net/poi/40b78b9357bc226b82ad406d2d4ae43429705.png,4.1,13,8.9,海甸岛,5313,20.04893,110.34954,美兰区海甸街道海达路金隅大成西溪里8-109号铺面,,,免费提供5个停车位,8.9元鸡米花，12.9元单人套餐1，12.9元单人套餐2，13.9元小吃套餐2，13.9元小吃套餐1，19元单人餐，22元薯条，22.9元双人套餐，28.9元双人餐，32元双人餐，33.9元豪华炸鸡桶，40.8元双堡炸鸡桶;,周一至周日 10:00-24:00,0898-66277497,23552,,,False,1,58,23552,True,False
犟骨头排骨饭(国贸路店),175363550,排骨米饭,,0,,5,25,23.8,美源商业广场,5312,20.027556,110.322994,龙华区国贸路20号（帝国大厦1楼9号铺面）,,,,23.8元排骨饭套餐，32.8元招牌犟骨头套餐;,周一至周日 10:30-21:00,18898269248,23282,,,False,1,186,23282,False,False
CoCo都可(秀英万达店),150044879,奶茶/果汁,CoCo都可,48791,http://p1.meituan.net/poi/28a4067295b8bd72fd3fa0b1628c121236345.png,5,13,8.55,万达广场,5314,19.979682,110.278587,秀英区万达广场三层3080号商铺,3,,,8.5元芒果绿茶，9.5元珍珠奶茶，10.4元鲜芋奶茶，20.8元美式咖啡(L)，24元莓莓果茶大杯，25.2元金桔柠檬汁大杯，25.5元珍珠奶茶中杯，25.5元焦糖奶茶中杯，27元鲜芋芋圆牛奶中杯，27元鲜芋青稞牛奶中杯，28元鲜芋奶茶中杯，28元青稞奶茶中杯，28.8元拿铁咖啡(L)，30.6元双拼奶茶大杯，32元拿铁咖啡(L)，33.1元奶茶三兄弟大杯，40.8元鲜百香双响炮大杯;60代70元;,周一至周日 10:00-22:00,18389482613,23265,,,False,1,186,23265,False,False
湘水湾(虹冠大厦店),1181367,湘菜,湘水湾,755738,,4.1,32,42.5,坡博村,5312,20.003667,110.336849,龙华区坡博路105号虹冠大厦1楼（近龙昆南路）,,,免费停车,2-3人餐66元，2-3人餐73元，3-5人餐99.9元，5-6人餐138元，5-6人餐199元，8人餐288元，10人餐338元;42.5代50元;,周一至周日 10:00-14:00 16:30-21:00,0898-66786577,23216,湘水湾位于海口市坡博路虹冠大厦，主要经营特色湘菜，店内环境舒适温习，热情服务，让你在享受美食的过程中享受舒适和惬意。,,False,1,44,23216,True,False
海岸客家(友谊阳光城店),161839181,客家菜,,0,,5,39,69,新友谊阳光城,5312,20.023673,110.324036,龙华区金龙路友谊阳光城7A楼层,7A,,,双人餐69元起;89.9代100元;,周一至周日 11:00-14:00 17:00-21:00,0898-68508616,23098,,,False,1,93,23098,False,False
杨铭宇黄焖鸡米饭,40041405,黄焖鸡,,0,,3.9,17,17.8,国兴大道,5315,20.014232,110.371423,琼山区兴丹路5号铺面（玖居酒店楼下）,,,停车位收费标准：免费,17.8元黄焖鸡米饭小份，23.8元黄焖鸡米饭大份;,周一至周日 10:30-21:30,0898-65239182,23083,,,False,1,39,23083,True,False
日之船章鱼小丸子,6846253,小吃快餐,,0,,5,11,6.5,解放西/泰龙城,5312,20.039644,110.340666,龙华区解放西路9号金棕榈商业广场一层A114号商铺,1,,,6.5元美味鱼蛋，9.9元撒尿牛肉丸，11.5元章鱼小丸子;,周一至周日 11:00-22:00,13676000806,23004,,,False,0,102,23004,True,False
小猪猪(望海店),115917070,韩式烤肉,,0,,4.9,72,88,望海国际广场,5313,20.030696,110.3447,美兰区海秀东路8号望海国际广场六层,6,,,双人餐149元起，3-4人餐299元;88代100元，100代200元;,周一至周日 11:00-15:00 17:00-21:30,17384611514/13876652099,22909,,,False,1,152,22909,False,False
赖胖子肉蟹煲(宜欣广场店),98933438,肉蟹煲,赖胖子肉蟹煲,2885366,,4.3,60,90,宜欣广场,5312,20.024859,110.312422,龙华区明珠路8号宜欣广场四楼,4,,,双人餐128元，4人餐168元，6人餐228元;90代100元;,周一至周日 10:00-22:00,0898-66769781,22822,,,False,1,152,22822,False,False
壹加壹饺子(海甸店),1179275,饺子,,0,,3.9,47,95,海甸岛,5313,20.052982,110.341531,美兰区人民大道21号梨园大厦1楼第1-2层铺面,,,有停车位,双人餐128元，5-6人餐238元;95代100元;,周一至周日 11:30-14:00 17:00-21:00,0898-66191777,22815,,,False,1,12,22815,True,False
鹅公馆(坡博总店),102502419,焖锅,,0,,5,46,17,龙昆南路,5312,20.003416,110.336581,龙华区坡博路1号虹冠大厦1楼,,,,9.5折（买单立享）;2-3人餐99.9元，3-4人餐179.9元，4-6人餐219.9元，6-8人餐339.9元;17代20元，88代100元;,周一至周日 10:30-22:30,0898-65779122,22730,,,False,1,101,22730,True,False
山城记憶老火锅(国贸店),101221637,重庆火锅,,0,,5,66,88,京华城,5312,20.024621,110.320081,龙华区国贸玉沙路海德堡酒店2楼,2,,,双人餐126元，3-4人餐248元;88代100元;,周一至周日 10:00-22:00,0898-65567878/15338955578,22615,,,False,0,194,22615,False,False
火山岩扒房(大同店),4225246,牛排,,0,,4.6,100,26.9,万国大都会,5312,20.032714,110.339839,龙华区大同路22号1-4楼,,,免费提供50个停车位,单人餐26.9元起，双人餐208元起，双人餐208元起，4人餐288元;80代100元;,周一至周日 07:30-21:00,0898-66582258,22592,火山岩扒房是龙泉集团西餐新升级版，优雅的就餐环境，贴心的服务，在繁忙都市中忙里偷闲，与心仪之人在浪漫舒适的西餐厅撑台脚，桌面的牛扒在高温的火山石上噼里啪啦的有节奏的打着节拍，诱人的焦香味熏陶着蠢蠢欲动的味蕾，爱慕之情也在此时此刻升华,,False,1,11,22592,True,False
四季原味椰子鸡,75722271,海南菜,,0,,3.9,63,85,国兴大润发,5313,20.01755,110.37451,美兰区国兴大道63号大润发3楼,,,,8.5折（买单立享）;2-3人餐99元，3-4人餐188元，6-7人餐258元，10-12人餐598元;85代100元;,周一至周日 11:00-22:00,0898-65328810,22411,三十三号庭院主打川湘菜，始终贯行辣的风味，却在传统做法上面调适口感，让辣中还带着清甜，更适合大众食用，男女老少咸宜，让人们过肠不忘。,,False,0,56,22411,True,False
CoCo都可(阳光城店),164926199,奶茶/果汁,CoCo都可,48791,http://p1.meituan.net/poi/28a4067295b8bd72fd3fa0b1628c121236345.png,5,13,8.55,新友谊阳光城,5312,20.023569,110.324229,龙华区金龙路2号友谊阳光城3F3038号铺面,3,,,8.5元芒果绿茶，9.5元珍珠奶茶，10.4元鲜芋奶茶，20.8元美式咖啡(L)，24元莓莓果茶大杯，25.2元金桔柠檬汁大杯，25.5元珍珠奶茶中杯，25.5元焦糖奶茶中杯，27元鲜芋芋圆牛奶中杯，27元鲜芋青稞牛奶中杯，28元鲜芋奶茶中杯，28元青稞奶茶中杯，28.8元拿铁咖啡(L)，30.6元双拼奶茶大杯，32元拿铁咖啡(L)，33.1元奶茶三兄弟大杯，40.8元鲜百香双响炮大杯;60代70元;,周一至周日 10:00-22:30,18389280309,22391,,,False,1,128,22391,False,False
三顾冒菜(海甸岛店),6574906,冒菜,三顾冒菜,110795,http://p1.meituan.net/poi/1d9a370dfd58340bff66330ddab1b2d340293.png,4.1,40,29,海甸岛,5313,20.062325,110.336806,美兰区海甸五西路创新村福记楼东一铺面（港湾花园旁）,,,,29代33元，45代50元;,周一至周日 10:00-21:00,0898-66257928,22154,冒菜不是菜，而是一种传统的烹饪工艺。“大锅、沸汤”的烹饪特点让三顾冒菜在营养锁定方面独具优势。具体做法是，将自选生鲜食材置于大锅沸汤中“冒”熟，而后用秘制纯油和老火靓汤调制出麻辣、微辣、三鲜等不同口味，满足大众美食需求，是都市一族热捧的时尚餐饮模式。三顾冒菜源自三顾茅庐的历史典故，传承悠久，精品正宗。三顾冒菜致力于打造中国冒菜品牌。 采用自主选菜、去水称重、透明厨房的经营方式，将《消费者权益保护法》规定的自主选择权、公平交易权、消费知情权等原原本本地奉还给顾客。看得见、选得着、吃得香是三顾冒菜的真实体验。亲，来吧，来一次就能喜欢上！,,False,1,2,22154,True,False
宽板凳老灶火锅(海甸岛五西路店),180061379,重庆火锅,,0,,4.6,80,79,海甸岛,5313,20.06226,110.327948,美兰区海甸五西路30号兆南万福超市b-09号商铺,1,,,双人餐168元;79代100元，88代100元;,周一至周日 10:00-22:00,0898-65655353/18689909393,22071,,,False,0,295,22071,False,False
川帮火锅(友谊阳光城店),163287917,四川火锅,,0,,4.4,82,88,新友谊阳光城,5312,20.02353,110.32412,龙华区金龙路2号友谊阳光城6A,6A,,,2-3人餐158元，3-4人餐248元;88代100元;,周一至周日 10:00-22:00,0898-68526585,22048,,,False,0,320,22048,False,False
热带果道水果主题餐厅(滨江店),6779517,特色菜,,0,,5,82,29,滨江路,5313,20.039296,110.375178,美兰区滨江路72号,,,免费提供100个停车位,其他29元，双人餐168元起，3-4人餐268元;88代100元;,周一至周日 07:00-21:00,0898-65255137/15120819632,22004,野菜道是假日集团最新劲推品牌。野菜道倡导“健康养生，野菜当先”的健康理念。野菜道专营的野菜是无污染、无公害的绿色食品。欢迎各位前来品尝,,False,0,77,22004,True,False
伟氏澳门茶餐厅(龙华路店),1178502,茶餐厅,,0,,4.1,40,13.8,人民公园,5312,20.03072,110.33522,龙华区龙华路龙华商城B栋临街4号铺面,,,停车位收费标准：有停车位。,13.8元下午茶单人套餐，19.9元香酥鸡腿套饭，2-3人餐78元;,周一至周日 07:30-21:00,0898-66787288,21755,伟氏澳门茶餐厅位于龙华区龙华路龙华商城B栋，餐厅装修典雅，延续了海南传统的茶食文化，经过不懈努力，研发出一系列特色佳肴，以海南传统的椰子鸡汤火锅为主，坚持做本土文化，给本地特色餐饮带来一次新的革命，想吃传统的椰子鸡？当然去伟氏！,,False,1,54,21755,True,False
Old Buck欧八客音乐餐吧,52355182,歌舞表演餐厅,,0,,4.4,50,88,京华城,5312,20.028271,110.322219,龙华区国贸北路国安大厦第二层,2,,停车位收费标准：详情咨询商户,双人餐88元，3-4人餐99元，2-3人餐99元，3-4人餐119.9元，2-3人餐148元;90代100元;,周一至周日 11:30-02:00,0898-32829000,21706,,,False,1,32,21706,True,False
探炉风尚烤鱼(友谊阳光城店),161065494,烤鱼,,0,,4.4,61,128,新友谊阳光城,5312,20.023437,110.323915,龙华区金龙路2号友谊阳光城6A楼,6A,,,双人餐128元，4人餐178元;,周一至周日 11:30-21:30,0898-68522819,21616,,,False,1,69,21616,True,False
34号码头海鲜烤肉自助餐厅(万达广场店),187622408,综合自助,,0,,4.3,71,55,万达广场,5314,19.980602,110.279907,秀英区海榆中线万达广场3楼,3,,,单人午餐55元，单人午餐63元，单人晚餐65元，单人午餐73元，[4]人午餐248元，[4]人午餐285元;,周一至周日 10:00-23:00,0898-68651706,21540,,,False,0,150,21540,False,False
薇薇安千层蛋糕(望海店),163276718,面包蛋糕,,0,,5,23,16.9,望海国际广场,5313,20.029917,110.345833,美兰区大英路望海国际后门对面,,,,16.9元千层蛋糕切件，75元蛋糕3选1，122.9元蛋糕8选1;29.9代38元;,周一至周日 09:00-23:30,18389673305,21536,,,False,1,64,21536,False,False
一只酸奶牛(上邦隆阡百货店),169273938,酸奶,一只酸奶牛,2879666,http://p1.meituan.net/poi/51924c62dafd89577d329ed83c928cf337089.png,5,13,9.8,上邦百汇城,5312,20.021336,110.322248,龙华区金龙路98号上邦百汇城隆仟百货门口,1,,,9.8元酸奶紫米露，11.8元暖暖奶香紫米，15元卡乐比酸奶杯双杯，15.8元芒来芒趣酸奶多，15.8元刨酸奶系列3选1，15.8元草莓朵朵酸奶多，15.8元酸奶多肉葡萄，23.8元紫米露+草莓酸奶，27.8元酸奶杨枝甘露套餐;,周一至周日 10:00-22:30,18789948753,21454,,,False,1,0,21454,False,False
年年有串火锅店(友谊阳光城店),160805480,串串香,,0,,5,60,88,新友谊阳光城,5312,20.02355,110.323861,龙华区金龙路2号友谊阳光城九层9013室,9,,,138元豪华2人套餐，168元168元豪华3-4人餐，268元豪华5-6人餐;88代100元;,周一至周日 11:00-14:00 17:00-21:00,0898-36692521,21336,,,False,0,76,21336,False,False
海岸客家(吾悦广场店),157864160,客家菜,,0,,4.4,36,69,吾悦广场,5312,19.977204,110.338763,龙华区椰海大道吾悦广场4楼（星轶国际影城旁）,4,,,双人餐69元起;89.9代100元;,周一至周日 11:30-14:00 17:00-21:00,0898-66803969,21319,,,False,1,89,21319,False,False
三顾冒菜(世贸店),42355178,冒菜,三顾冒菜,110795,http://p1.meituan.net/poi/1d9a370dfd58340bff66330ddab1b2d340293.png,4.2,36,29,滨海大道东段,5314,20.01708,110.297284,龙华区金贸西路25号森基美好园11号铺面（世贸茶叶城与金银广场中间，秦淮府楼下）,,,,29代33元，45代50元;,周一至周日 10:30-21:00,0898-68631993/18976091392,21219,冒菜不是菜，而是一种传统的烹饪工艺。“大锅、沸汤”的烹饪特点让三顾冒菜在营养锁定方面独具优势。具体做法是，将自选生鲜食材置于大锅沸汤中“冒”熟，而后用秘制纯油和老火靓汤调制出麻辣、微辣、三鲜等不同口味，满足大众美食需求，是都市一族热捧的时尚餐饮模式。三顾冒菜源自三顾茅庐的历史典故，传承悠久，精品正宗。三顾冒菜致力于打造中国冒菜品牌。 采用自主选菜、去水称重、透明厨房的经营方式，将《消费者权益保护法》规定的自主选择权、公平交易权、消费知情权等原原本本地奉还给顾客。看得见、选得着、吃得香是三顾冒菜的真实体验。亲，来吧，来一次就能喜欢上！,,False,1,1,21219,True,False
东就鸭饭店(西沙路店),6998501,海南菜,东就鸭饭店,125318,,4.4,35,69.9,龙昆北路,5312,20.02003,110.33534,美兰区西沙路40号富源商业楼一层，二层,,,,9.5折（买单立享）;双人餐69.9元，2-3人餐109.9元，5-6人餐198元，6-8人餐288元，8-10人餐688元;92代100元，180代200元;,周一至周日 11:00-15:00 17:00-21:00,0898-66531985/0898-36363155,21009,,,False,1,55,21009,True,False
印象三宝潮汕鲜牛肉火锅烤肉(友谊阳光城店),161456834,潮汕牛肉火锅,,0,,3.6,58,79.9,新友谊阳光城,5312,20.023376,110.323903,龙华区金龙路2号（友谊阳光城7A）,7A,,,每满100减20.01（买单立享）;双人餐99元起，3-4人餐198元，6人餐368元，8人餐498元，9-10人餐599元;79.9代100元;,周一至周日 11:00-22:00,0898-68528063,21003,,,False,1,124,21003,False,False
yoyo.火锅烤肉.自助餐厅(金棕榈旗舰店),165287423,自助火锅,,0,,3,71,49.8,解放西/泰龙城,5312,20.039135,110.340365,龙华区解放西路金棕榈4楼,4,,,单人午餐49.8元，单人晚餐59.8元;,周一至周日 11:00-14:00 17:00-22:00,0898-66244659,20971,,,False,0,193,20971,False,False
巴人小龙坎老火锅(吾悦店),162185889,重庆火锅,,0,,3.8,76,88,吾悦广场,5312,19.977645,110.33722,龙华区椰海大道新城吾悦广场外场中国银行楼上3楼,3,,,双人餐108元起，3-4人餐208元，4-5人餐288元，6-7人餐358元，8-10人餐468元;88代100元;,周一至周日 10:00-14:00 16:00-22:30,0898-65230303,20927,,,False,1,154,20927,False,False
湘忆亭(友谊阳光城店),161104616,湘菜,,0,,4.7,36,68,新友谊阳光城,5312,20.02353,110.32412,龙华区金龙路2号友谊阳光城6A,6A,,,双人餐68元起，4人餐108元，5-6人餐158元，8-10人餐399元，12-13人餐588元;68代100元，89.9代100元;,周一至周日 10:30-21:00,18859990968/0898-68500580,20868,,,False,1,142,20868,True,False
CoCo都可(日月店),116224234,奶茶/果汁,CoCo都可,48791,http://p1.meituan.net/poi/28a4067295b8bd72fd3fa0b1628c121236345.png,5,13,8.55,国兴大道,5315,20.0157,110.34924,琼山区国兴大道8号海航日月广场L-157B号铺位,-1,,,8.5元芒果绿茶，9.5元珍珠奶茶，10.4元鲜芋奶茶，20.8元美式咖啡(L)，24元莓莓果茶大杯，25.2元金桔柠檬汁大杯，25.5元珍珠奶茶中杯，25.5元焦糖奶茶中杯，27元鲜芋芋圆牛奶中杯，27元鲜芋青稞牛奶中杯，28元鲜芋奶茶中杯，28元青稞奶茶中杯，28.8元拿铁咖啡(L)，30.6元双拼奶茶大杯，32元拿铁咖啡(L)，33.1元奶茶三兄弟大杯，40.8元鲜百香双响炮大杯;60代70元;,周一至周日 10:00-22:00,18289771447,20827,,,False,1,100,20827,False,False
潮欣牛肉店(海秀店),1176759,潮汕牛肉火锅,潮欣牛肉店,765597,,4.2,50,150,金牛岭公园周边,5312,20.01735,110.314617,龙华区海秀中路75号-1粤通大厦1楼（近奥林匹克花园）,,,有停车位,双人餐150元，3-4人餐252元，5-6人餐358元，8人餐418元，10人餐498元;,周一至周日 09:00-02:00,0898-68951883,20735,潮欣牛肉店于1996年开业以来，深受各界朋友支持与厚爱，首家为东湖店，现因租约期满已结束营业，请各位朋友认准潮欣品牌。 本店是专营全牛系列火锅为主的餐饮名店，食材新鲜优质，汤料上乘，物美价廉，口味正宗，潮汕牛肉丸，新鲜牛肉，请到潮欣牛肉店。,,False,1,19,20735,False,False
汇茶(中山北店),157042935,奶茶/果汁,,0,,5,10,8.8,高铁东站/龙昆南,5315,19.999847,110.356003,琼山区中山北路与文庄路交口（中国工商银行旁）,,,,8.8元人气饮品;16.8代20元;,周一至周日 10:00-23:30,18789261518,20667,,,False,1,56,20667,False,False
龙泉酒店·西餐厅(渔村店),1179759,牛排,,0,,3.7,31,58,龙昆北路,5312,20.019658,110.333507,龙华区龙昆南路18号龙泉渔村二楼咖啡厅,,,免费提供50个停车位,单人餐58元起，双人餐138元;80代100元;,周一至周日 09:30-21:00,0898-66581303,20641,龙泉渔村咖啡厅位于交通极为便利的龙昆南路18号龙泉渔村二楼，与南大桥相邻。自2000开业以来，以优雅舒适的环境、富有龙泉特色的咖啡及美食和热情周到的服务赢得了各界人士的认同及赞誉，成为海口餐饮界的一个亮点。,,False,0,3,20641,True,False
匠子烤鱼(友谊阳光城店),164484644,烤鱼,匠子烤鱼,2699714,http://p0.meituan.net/poi/a60aaeb6e15861760710694484fa4a9a55005.png,4.8,80,99,新友谊阳光城,5312,20.023383,110.323889,龙华区金龙路2号友谊阳光城8楼,8,,,99代110元;,周一至周日 11:00-14:00 17:00-21:00,0898-68522119/13976774475,20571,,,False,1,186,20571,False,False
棠木越式料理(王府井店),161456423,越南菜,,0,,5,78,95,假日海滩/西海岸,5314,20.014636,110.25576,秀英区紫园路与蓝城大道交叉口王府井生活广场二楼,2,,,双人餐168元起，4人餐298元;95代100元;,周一至周日 11:00-14:00 17:30-22:00,0898-68650506,20418,,,False,1,137,20418,False,False
妈妈秀韩国小厨(日月广场店),133080582,韩国菜,,0,,4.3,29,28,国兴大道,5315,20.014954,110.349052,琼山区国兴大道8号日月广场C04-L110-3号铺面,-1,,,9.2折（买单立享）;单人餐28元起，双人餐39.9元，2-3人餐101元，4人餐145元;,周一至周日 11:00-21:00,13907565753,20340,,,False,1,143,20340,False,False
爱尚火锅(秀英店),4588253,火锅,爱尚火锅,781711,,3.5,33,76.8,秀英小街,5314,20.007828,110.28599,秀英区秀英区金鼎路24号2楼,,,,2-3人餐76.8元，3-4人餐99元，3-4人餐99.9元，3-4人餐99.9元，5-6人餐145.8元;82代100元;,周一至周日 09:30-23:00,0898-68651277,20239,,,False,0,0,20239,True,False
地下铁DRINKING EXPRESS(京华城店),2514598,奶茶/果汁,地下铁,368171,http://p0.meituan.net/poi/2123ce15b43853af53c343a8cd4976d250744.jpg,3.9,13,7.9,京华城,5312,20.027599,110.319509,龙华区玉沙路21号玉沙京华城A区一楼南门（星巴克旁）,1,,提供100个停车位，需付停车费3元/小时,7.9元招牌港式奶茶，16.9元经典港奶小吃;8代10元;,周一至周日 09:30-23:30,0898-68525114/18976207928,20081,2004年，创始人Carl Tse来到香港，在他居住的旺角一带，正是茶餐厅、小食肆林立之地，在常光顾的茶餐厅里，他总要点上一杯香滑“奶茶”或者“鸳鸯”佐餐，渐渐的他发现像他这样的人在香港数不胜数，很多港人一返回香港便急不可耐的到自己经常帮衬的茶餐厅寻找自己心仪的“那杯茶”。他更发现这样好的饮品在内地居然是“踏破铁鞋无觅处”，于是开一间港式饮品专门店的想法诞生了。 2006年6月，“地下铁”第二家店铺于武汉华中师范大学正门口开业，在这间位于二线铺面位置的8平方米小店，开业7日之后日营业额即稳定保持在5000元以上，“地下铁”靓饮速递从此走上高速发展的快车道。 2006年10月22日，“地下铁”首间一线铺面店铺在广西柳州市解放南路开业，高质低价的知名饮品很快赢得市民心仪，顾客长龙排到步行街中央的情景至今让人难忘，由于店铺狭小出品慢，2007年情人节一度出现顾客需等待一个小时才能买到“地下铁”饮品的盛况,,False,1,87,20081,True,False
尊宝比萨(国贸店),68350,披萨,尊宝比萨,23791,http://p0.meituan.net/poi/8af8b0c187740afe5d18138d1d96d44069386.png,4.3,32,21,国贸大道,5312,20.02837,110.32438,龙华区国贸大道16号金福城小区C座二楼,2,,,21元精彩单人餐，40元超值单人餐，56元榴莲比萨，59元精彩双人餐，63元超值双人餐，72元超多榴莲双人餐，79元欢乐家庭餐;,周一至周日 09:30-21:30,0898-66503598,19997,尊宝比萨在海口共有7家分店，这里做的是海口最正宗的比萨，有19不同口味。尊宝以其地道的烘焙手法赢得众多消费者的亲睐。尊宝比萨本着以消费者为主的理念，不断创新产品，完善服务机制，为消费者提供经济实惠的产品和贴心的服务。,,False,1,43,19997,True,False
华莱士·全鸡汉堡(宗恒店NO2),95498,西式快餐/汉堡,华莱士,26189,http://p0.meituan.net/poi/40b78b9357bc226b82ad406d2d4ae43429705.png,4.1,14,8.9,高铁东站/龙昆南,5315,20.00199,110.36298,琼山区琼州大道53号,,,免费提供5个停车位,8.9元鸡米花，12.9元单人套餐1，12.9元单人套餐2，13.9元小吃套餐2，13.9元小吃套餐1，19元单人餐，22元薯条，22.9元双人套餐，28.9元双人餐，32元双人餐，33.9元豪华炸鸡桶，40.8元双堡炸鸡桶;,周一至周日 08:00-22:00,0898-65857127/13379897127,19967,仅6.4折，即享华莱士炸鸡汉堡单人套餐,,False,1,25,19967,True,False
叁宫六苑老火锅(远大店),113612079,四川火锅,,0,,4.6,71,85,滨海大道东段,5314,20.047705,110.191065,秀英区长滨四路7号远大购物中心5楼,5,,,双人餐99元起，4人餐198元;85代100元;,周一至周日 11:00-14:30 17:00-22:00,0898-68717330,19900,,,False,0,248,19900,False,False
淘米·鹅公馆(名门广场店),186244728,海南菜,,0,,5,56,89.9,名门广场,5313,20.022667,110.351538,美兰区蓝天路31号名门广场北区第五层E209号商铺,5,,,2-3人餐89.9元，双人餐108元，2-3人餐159.9元，3-4人餐169.9元，4-6人餐219.9元，6-8人餐339.9元;90代100元;,周一至周日 10:00-22:30,0898-32195442,19839,,,False,1,239,19839,False,False
阿浪海鲜(丁村万人海鲜广场霸王岭店),157204239,海鲜,,0,,5,87,3,吾悦广场,5312,19.971427,110.34253,龙华区迎宾大道丁村万人海鲜广场霸王岭8号,,,,9.5折（买单立享）;单人餐3元起，双人餐188元起，2-3人餐288元，3-4人餐488元，5-6人餐538元，5-6人餐688元，8-10人餐758元，10人餐1088元，10-12人餐1588元，10-12人餐1688元;8代10元，17代20元，90代100元;,周一至周日 10:00-23:00,18889674335/15103667289,19628,,,False,0,186,19628,False,False
壹加壹饺子(名门店),2398335,饺子,,0,,3.7,41,95,名门广场,5313,20.023252,110.352337,美兰区蓝天路名门广场5楼E207,5,,,双人餐128元;95代100元;,周一至周日 10:00-22:00,0898-65334581,19129,2012年11月17日，在众多椰城人的瞩目下，壹加壹餐饮连锁机构旗下的又一分店——蓝天路名门店隆重开业了，是壹加壹品牌首家进驻商场的店面，为壹加壹今后稳步打开商场积累更多经验。名门店的主题是“小资在线”，为人们在工作之余、游玩购物之后提供一个舒适优雅的饮食环境和高品质服务。采用了最新的点菜方式——平板电脑点餐，让客人们深切的感受到时尚的气息。同时，名门店将继续传承壹加壹“用我们的产品让人们生活更健康、更幸福”这一企业发展之魂，给顾客提供绿色营养、健康的美食。美味的海鲜饺子，时尚的东北菜和创意菜，壹加壹“小资在线”欢迎您来体验实惠的小资情调。,,False,1,14,19129,True,False
联记茶餐厅(群上路店),1155740597,茶餐厅,,0,,5,20,4.9,白龙路沿线,5313,20.022325,110.368844,美兰区群上路22号群上广场一层（美舍河群上湿地公园）,,,,4.9元特色饮品，9.8元正宗抱罗粉，13.9元下午茶套餐，19.9元炸鸡腿饭套餐;,周一至周日 07:00-23:00,0898-66251181/18976661966,19048,,,False,1,599,19048,False,False
匠子烤鱼(鹏晖店),90483434,烤鱼,匠子烤鱼,2699714,http://p0.meituan.net/poi/a60aaeb6e15861760710694484fa4a9a55005.png,5,73,99,海甸岛,5313,20.057552,110.349425,美兰区海甸岛和平大道鹏辉购物广场四层,4,,,99代110元;,周一至周日 11:00-15:00 17:00-21:00,0898-66296653,19040,,,False,1,71,19040,False,False
咱外婆家的菜(万达店),161840548,融合菜,,0,,5,43,92.9,万达广场,5314,19.980005,110.278566,秀英区海榆中线万达广场3楼,3,,,92.9代100元;,周一至周日 11:00-14:00 17:00-21:00,0898-65359613,19002,,,False,1,104,19002,False,False
夏威夷自助餐厅(海甸岛店),190796340,自助海鲜,,0,,3.6,71,68,海甸岛,5313,20.062154,110.328003,美兰区海甸五西路30号南国超市4楼,4,,,单人午餐68元，单人晚餐78元，[4]人午餐264元，[4]人晚餐304元，[5]人午餐325元，[5]人晚餐375元，[6]人午餐384元，[6]人晚餐444元，[8]人午餐496元，[6]人晚餐576元，[10]人午餐600元，[10]人晚餐700元;,周一至周日 11:30-14:00 17:30-21:00,0898-66292917/19989824618,18787,,,False,0,227,18787,False,False
围炉海鲜烤肉自助(万达广场店),193782517,综合自助,,0,,4,73,61.9,万达广场,5314,19.978527,110.277967,秀英区万达广场3楼,3,,,单人晚餐61.9元，单人午餐61.9元，单人晚餐65.9元，单人午餐71.9元，单人晚餐71.9元，单人晚餐75.9元;,周一至周日 11:00-21:30,0898-68641767,18670,,,False,0,125,18670,False,False
CoCo都可(远大店),163980040,奶茶/果汁,CoCo都可,48791,http://p1.meituan.net/poi/28a4067295b8bd72fd3fa0b1628c121236345.png,5,13,8.55,滨海大道东段,5314,20.047727,110.190792,秀英区长滨西四街7号远大购物中心一楼,1,,,8.5元芒果绿茶，9.5元珍珠奶茶，10.4元鲜芋奶茶，20.8元美式咖啡(L)，24元莓莓果茶大杯，25.2元金桔柠檬汁大杯，25.5元珍珠奶茶中杯，25.5元焦糖奶茶中杯，27元鲜芋芋圆牛奶中杯，27元鲜芋青稞牛奶中杯，28元鲜芋奶茶中杯，28元青稞奶茶中杯，28.8元拿铁咖啡(L)，30.6元双拼奶茶大杯，32元拿铁咖啡(L)，33.1元奶茶三兄弟大杯，40.8元鲜百香双响炮大杯;60代70元;,周一至周日 10:00-22:00,18789756082,18658,,,False,1,146,18658,False,False
颜知茶也(大龙翻印店),181416621,奶茶/果汁,,0,,5,16,9.9,国兴大道/省政府,5312,20.020764,110.350906,美兰区大英山西二街2号（大龙翻印楼下）,,,,9.9元桂影朦胧，9.9元百里凝香，11.8元乌龙沐雪，11.8元四季春颜，11.8元广寒露，11.9元颜知茶也仲夏仙果茶，13.8元锡兰晴雪;,周一至周日 10:00-23:30,19946699597,18517,,,False,1,142,18517,False,False
咱外婆家的菜(日月广场店),179950280,融合菜,,0,,5,46,92.9,日月广场,5315,20.015452,110.350348,琼山区国兴大道8号海航日月广场C01-4号-302（白羊座3楼）,3,,,92.9代100元;,周一至周日 11:00-14:00 17:00-21:00,0898-65889713,18476,,,False,1,178,18476,False,False
HiTea海茶(美苑店),160161499,奶茶/果汁,,0,,5,12,3.99,美兰区,5313,20.030192,110.371623,美兰区美苑路59-9号（自游岛酒店内）,,,,3.9元新店特惠二选一，7.9元招牌三选一，7.9元招牌三选一，8.9元招牌柠檬三选一，9.9元〔海茶招牌〕海盐草莓，9.9元招牌特饮二选一，9.9元海盐葡萄，9.9元芒芒波波椰奶二选一，9.9元蜜桃多肉波波，9.9元续命维C鲜橙，9.9元暖冬，10.8元续命莓莓酸奶二选一，10.8元爆款五选一，11.8元盒子蛋糕3选1;16代20元;,周一至周日 09:00-01:00,17886706860/18289206822,18463,,,False,1,247,18463,False,False
匠子烤鱼(万达店),139411600,烤鱼,匠子烤鱼,2699714,http://p0.meituan.net/poi/a60aaeb6e15861760710694484fa4a9a55005.png,4.8,71,99,万达广场,5314,19.979412,110.278549,秀英区秀英大道万达广场室内步行街3层3017号铺面,3,,,99代110元;,周一至周日 11:00-14:00 17:00-21:00,18889512101/13518050549,18392,,,False,1,66,18392,False,False
楊銘宇黄燜鷄米饭(南亚广场店),50673555,黄焖鸡,,0,,4,14,12.9,南亚广场,5313,20.03154,110.35099,美兰区和平路56-3号,,,免费提供3个停车位,12.9元单人黄焖鸡套餐，17.9元双人黄焖鸡套餐;,周一至周日 09:00-21:00,13648616858,18362,,,False,0,0,18362,True,False
龙泉人椰子鸡(迎宾店),40563053,海南菜,,0,,3.6,67,88,龙昆南路,5312,20.006837,110.338916,龙华区龙昆南路82-9号（龙泉家园门口）,,,免费提供50个停车位,88代100元;,周一至周日 07:00-14:00 17:00-21:00,0898-66537403,18332,,,False,1,71,18332,True,False
四川小胡子海鲜香水湾3号(丁村万人海鲜广场日月湾3号店),157223961,海鲜,,0,,4.8,86,17,丁村万人海鲜广场,5312,19.971797,110.343471,龙华区香水湾3号，曰月湾3号（近习鼎阁海鲜酒楼）（近习鼎阁海鲜酒楼）,,,,9.5折，满100减8（买单立享）;双人餐218元起，3-4人餐388元，4-5人餐488元，5-6人餐588元，6人餐688元，6-7人餐788元，8-10人餐988元，10人餐1188元，12-15人餐1688元，13-15人餐1988元;17代20元，88代100元;,周一至周日 10:00-22:00,13876064966,18123,,,False,0,473,18123,True,False
巴蜀大将火锅(上邦百汇城店),178786422,四川火锅,,0,,3.8,71,9.9,上邦百汇城,5312,20.020704,110.322985,龙华区上邦百汇城3号楼2层（精功眼镜楼上）（靠近欢乐故事游戏厅）,2,,,双人餐148元，4人餐268元，6-8人餐388元;9.9代50元，88代100元;,周一至周日 11:00-22:30,0898-68571945,18100,,,False,1,144,18100,False,False
华莱士·全鸡汉堡(西站金海店),92216957,西式快餐/汉堡,华莱士,26189,http://p0.meituan.net/poi/40b78b9357bc226b82ad406d2d4ae43429705.png,4.8,28,6.9,西站,5314,20.013459,110.288999,秀英区海秀西路金海大厦新乐迪旁,,,,6.9元黑椒鸡块，9.9元鸡肉卷，10元4串骨肉相连，11.9元鸡块小薯鸡米花，12.2元半只脆皮鸡+中可，12.9元时尚简约，12.9元辣翅鸡米花鸡块，13元香辣鸡腿堡，14元牛肉堡骨肉相连餐，26.9元双人套餐，32.9元六一双人餐，50元鸡肉卷紫薯饼套餐，53.9元欢聚四人套餐;,周一至周日 09:30-01:00,0898-68632779,18028,,,False,1,46,18028,False,False
HiTea海茶(海秀店),162193307,奶茶/果汁,,0,,5,14,3.99,亿圣和广场,5313,20.024039,110.336446,美兰区海秀东路36号自由岛酒店大门旁,,,,3.9元新店特惠二选一，7.9元招牌三选一，7.9元招牌三选一，8.9元招牌柠檬三选一，9.9元〔海茶招牌〕海盐草莓，9.9元招牌特饮二选一，9.9元海盐葡萄，9.9元芒芒波波椰奶二选一，9.9元蜜桃多肉波波，9.9元续命维C鲜橙，9.9元暖冬，10.8元续命莓莓酸奶二选一，10.8元爆款五选一，11.8元盒子蛋糕3选1;16代20元;,周一至周日 09:00-01:00,18876741219/13322035755,17856,,,False,1,175,17856,False,False
龙泉人椰子鸡汤(海甸岛店),72024511,海南菜,,0,,3.6,67,88,海甸岛,5313,20.05489,110.341029,美兰区人民大道25号景业广场二楼,,,免费提供50个停车位,4人餐208元;88代100元;,周一至周日 09:00-21:00,0898-66168699,17827,,,False,1,53,17827,True,False
HiTea海茶(国贸店),164975106,奶茶/果汁,,0,,4.8,13,3.99,美源商业广场,5312,20.029089,110.322574,龙华区国贸北路36号,,,,3.9元新店特惠二选一，7.9元招牌三选一，7.9元招牌三选一，8.9元招牌柠檬三选一，9.9元〔海茶招牌〕海盐草莓，9.9元招牌特饮二选一，9.9元海盐葡萄，9.9元芒芒波波椰奶二选一，9.9元蜜桃多肉波波，9.9元续命维C鲜橙，9.9元暖冬，10.8元续命莓莓酸奶二选一，10.8元爆款五选一，11.8元盒子蛋糕3选1;16代20元;,周一至周日 08:00-24:00,18289957195,17814,,,False,1,291,17814,False,False
草原地道碳烤羊腿,5358988,烤羊腿,,0,,4,61,148,海南工商学院周边,5315,20.006509,110.369858,琼山区红城湖路攀丹古村美食广场旁,,,商家服务：免费提供20个停车位,2-3人餐148元，3-4人餐158元，5-6人餐188元，5-6人餐198元，6-8人餐348元;,周一至周日 17:30-02:30,13876090804,17765,,,False,0,74,17765,False,False
匠子烤鱼(海甸城店),109427476,烤鱼,匠子烤鱼,2699714,http://p0.meituan.net/poi/a60aaeb6e15861760710694484fa4a9a55005.png,5,75,99,海甸岛,5313,20.049135,110.343228,美兰区海甸二东路海甸城四楼,4,,,99代110元;,周一至周日 11:00-14:00 17:00-21:00,0898-66263811,17677,,,False,1,75,17677,False,False
普洛旺斯餐厅(望海店),1434619,牛排,普洛旺斯餐厅,624462,,4.6,135,95,望海国际广场,5313,20.030563,110.344934,美兰区海秀路6号望海国际广场6楼,6,,停车位收费标准：与商家沟通,95代100元;,周一至周日 11:30-21:00,0898-66529366/66529383,17472,就象期待已久的故事有了下集，普洛旺斯餐厅经过历练之后，在望海国际广场的六楼，继续延续她的经典性格，在精美的音乐声中，纯正的欧洲风情优质呈现，精致、低调中，透露出神秘的奢华…普洛旺斯餐厅，仍如它源自的品牌慕得（Mood）一般，不论大到整体环境，还是小到食物的器皿，精细到烹饪细节，都将一切来自于法国的性格完整地保留了下来。,,False,0,97,17472,True,False
永和豆浆(龙华店),6081939,快餐简餐,永和豆浆,895885,http://p1.meituan.net/poi/b285bc3ac04dccd3d0d211af8b88aeea48784.png,3.5,23,17.6,龙昆北路,5312,20.03036,110.33321,龙华区龙华路50号汇丰大厦1层,1,,免费停车,21.8元单人超值套餐，22.8元超值下午茶套餐，33.9元白领精选套餐饭;17.6代20元;,周一至周日 07:30-23:30,0898-66522252,17418,永和豆浆”品牌具有独特性和不可复制性。我们秉承“种、产、销一体化”的经营理念，**程度保证食品安全和优良品质。永和食品（中国）的产品原料均选用东北三江平原的非转基因大豆；生产过程中，采用16道精制工艺，只甄选43%的大豆精华，并通过一套完整严格的质检体系，层层把关，批批抽检；销售渠道方面，通过各大超市卖场，以及永和豆浆连锁门店，为消费者提供触手可及的便捷和营养。在保证产品品质的同时，永和豆浆还不断推陈出新，产品系列丰富，为消费者提供多样化的选择。 永和豆浆的产品远销海外，出口美国、日本、英国、加拿大，并获得当地民众的欢迎，永和豆浆致力于打造“西方牛奶，中国豆浆”的愿景，用品质承诺客户，打造走向世界的中国品牌。,,False,1,38,17418,True,False
龙泉人椰子鸡汤(龙泉花园店),169113967,海南菜,,0,,3.6,71,85,人民公园,5312,20.031631,110.343224,龙华区海秀东路望海国际广场正门对面龙泉花园酒店1楼,,,,2-3人餐118元，4人餐158元，6人餐258元;85代100元;,周一至周日 11:00-14:00 16:30-21:30,13637591251,17294,,,False,1,177,17294,False,False
57℃湘料理海鲜铁板烧(望海店),117183469,融合菜,,0,,4.8,84,25,望海国际广场,5313,20.031259,110.344883,美兰区海秀东路望海国际广场6楼,6,,,9.5折，满100减10（买单立享）;双人餐28.8元起，单人餐58元起，2-3人餐158元，3人餐287元，2-3人餐388元，4-5人餐588元，4-6人餐750元，8-10人餐878元，10人餐998元;25代50元，88代100元;,"周一至周五 11:00-14:30 17:00-21:00  周六,周日 11:00-16:00 17:00-21:30",0898-65766663/15861460070,17291,,,False,1,130,17291,False,False
海口喜来登椰风全日西餐厅,1178924,综合自助,,0,,4.1,143,80,假日海滩/西海岸,5314,20.051936,110.215054,秀英区滨海大道136号海口喜来登酒店1楼,,,,单人餐98元起，其他108元，单人晚餐188元，单人晚餐228元，双人晚餐318元，双人晚餐388元，单人晚餐688元;80代100元;,周一至周日 07:00-23:00,0898-68708888,17239,,,False,0,52,17239,True,False
鹅公馆(城西店),160375564,其他中餐,,0,,5,61,90,城西/学院路,5312,19.985058,110.332538,龙华区学院路城西商业广场38-39号（医学院北门对面）,,,,2-3人餐99.9元，3-4人餐169.9元，4-6人餐219.9元，6-8人餐339.9元;90代100元;,周一至周日 09:30-22:30,0898-66989835,17131,,,False,0,61,17131,False,False
大岗仙庙烧鸡店,135429858,顺德菜,大岗仙庙烧鸡,2880488,http://p0.meituan.net/poi/451670538b057e755d1bf0ac7b2c643a18369.png,4.3,43,50,高铁东站/龙昆南,5315,19.983841,110.364754,琼山区海口琼山区振发横路10-1号,,,,2-3人餐83元，2-3人餐88元，4-5人餐298元;50代100元;,周一至周日 10:00-02:00,0898-65780336/17384605773,17095,,,False,1,44,17095,False,False
豪约客牛排(兴丹店),111878670,牛排,,0,,5,50,65,兴丹路,5315,20.010475,110.366715,琼山区兴丹路26号书香门第小区2楼（农业科学院对面）,,,,单人餐65元，双人餐128元，4人餐239元，6人餐369元，8人餐489元;142.5代150元;,周一至周日 10:30-22:30,0898-65333189,17062,,,False,1,86,17062,False,False
毛哥老鸭汤(府城忠介路店),91414049,汤锅,,0,,3.8,33,50,忠介路,5315,20.000122,110.353321,琼山区忠介路68号二楼,,,,双人餐58元起，2-3人餐75元，4人餐88元起，3-4人餐98元，4-5人餐99.8元，6人餐128元，8-10人餐280元，8-10人餐298元;50代100元;,周一至周日 10:00-23:00,0898-65363908/13322036988,16972,,,False,1,55,16972,True,False
麦栗工坊(国贸店),60151,栗子/干果,麦栗工坊,2884836,,4.1,23,45,金龙路,5312,20.02562,110.320502,龙华区玉沙路16-1号富国商业广场一楼工商银行旁（麦当劳前面）,1,,,45代50元;,周一至周日 08:30-23:00,0898-68535985,16655,海南庆佳味食品有限公司是一家集研发、加工、销售、连锁经营为一体的综合性绿色休闲食品企业。公司于2003年正式成立，总部坐落于海南国际旅游岛省会城市-海口市，主要经营干果类、炒货类、蜜饯类、肉制品类、糕点糖果类、果冻饮料类、素食类和礼盒补品类等特色绿色健康休闲食品。公司特色产品——'糖炒板栗'，选料上乘，运用独有传统配方现场炒制，使产品味道鲜美、风格别致，已成为休闲食品行业中的翘楚。,,False,1,3,16655,True,False
果木牛扒(友谊阳光城店),161108448,牛排,果木牛扒,2885333,,4.9,49,69,新友谊阳光城,5312,20.02325,110.323911,龙华区金龙路2号友谊阳光城6A,6A,,,单人餐69元起，单人餐69元起，双人餐188元，3人餐207元;89.9代100元;,周一至周日 11:30-14:00 17:30-21:00,0898-68557868,16536,,,False,0,35,16536,False,False
黎记琼海清补凉,95139590,小吃快餐,,0,,3.9,9,8.4,华海路,5312,20.022858,110.328066,龙华区华海路妇产科医院往家乐福方向100米左右（罗盟时尚酒店隔壁）,,,,8.8折（买单立享）;8.4元美味粗粮甜品，9.1元超值清补凉，10.8元超值绵绵冰，12.8元美味芒果肠粉，18.8元超值美味套餐;17代20元;,周一至周日 09:00-01:00,13807595520,16392,,,False,1,2,16392,True,False
CoCo都可(友谊阳光店),605561598,奶茶/果汁,,0,,5,13,8.55,新友谊阳光城,5312,20.023569,110.324229,龙华区海南省海口市龙华区金龙路2号友谊阳光城6032号铺位,,,,8.5元芒果绿茶，9.5元珍珠奶茶，10.4元鲜芋奶茶，20.8元美式咖啡(L)，24元莓莓果茶大杯，25.2元金桔柠檬汁大杯，25.5元珍珠奶茶中杯，25.5元焦糖奶茶中杯，27元鲜芋芋圆牛奶中杯，27元鲜芋青稞牛奶中杯，28元鲜芋奶茶中杯，28元青稞奶茶中杯，28.8元拿铁咖啡(L)，30.6元双拼奶茶大杯，32元拿铁咖啡(L)，33.1元奶茶三兄弟大杯，40.8元鲜百香双响炮大杯;60代70元;,周一至周日 10:00-22:00,13648663653,16373,,,False,0,248,16373,False,False
YOSO悦涻餐吧,171605995,西式简餐,,0,,5,112,32.9,高铁东站/龙昆南,5315,19.992253,110.360022,琼山区三峰里169号（悦涻品宿酒店一层）,,,,32.9元于悦单人下午茶，双人餐198元，3-5人餐288元;90代100元;,周一至周日 12:00-22:30,0898-65659099/13876744872,16365,,,False,0,65,16365,False,False
蛋壳披萨(海口总店),95964538,披萨,蛋壳披萨,2884122,,5,32,20,海甸岛,5313,20.062125,110.328315,美兰区海甸五西路南国超市一楼B-10铺面,,,,单人餐20元起，双人餐52元;88代100元;,周一至周日 09:00-21:00,0898-66279432,16160,,,False,1,63,16160,True,False
筑下栖食(城西店),190140860,海南菜,,0,,5,51,25,龙昆南路,5312,19.993303,110.340203,龙华区龙华区城西路1号（栖酒店一楼）,,,,单人餐25元起，3人餐33元;90代100元;,周一至周日 07:30-21:00,0898-68555039,16075,,,False,0,150,16075,False,False
府上烤鱼(朱云店),1731635231,烤鱼,,0,,5,46,9.9,高登街,5315,19.995446,110.351315,琼山区朱云路朱云恩公寓2楼,,,,双人餐69.9元，3-4人餐79.9元，4-6人餐99.9元，6-8人餐179.9元;9.9代20元，88代100元;,周一至周日 11:00-04:00,0898-65813836,16074,,,False,0,591,16074,False,False
华莱士·全鸡汉堡(玉沙店),159265206,西式快餐/汉堡,华莱士,26189,http://p0.meituan.net/poi/40b78b9357bc226b82ad406d2d4ae43429705.png,5,16,8.9,玉沙路,5312,20.024202,110.320267,龙华区玉沙路11号（中盐大厦一楼）,,,,8.9元鸡米花，12.9元单人套餐1，12.9元单人套餐2，13.9元小吃套餐2，13.9元小吃套餐1，19元单人餐，22元薯条，22.9元双人套餐，28.9元双人餐，32元双人餐，33.9元豪华炸鸡桶，40.8元双堡炸鸡桶;,周一至周日 09:00-01:00,0898-68574367,16045,,,False,1,73,16045,False,False
围炉海鲜烤肉自助(吾悦广场店),1993096809,综合自助,,0,,4.4,70,61.9,吾悦广场,5312,19.976959,110.339539,龙华区吾悦广场4楼,4楼,,,单人晚餐61.9元，单人午餐61.9元，单人晚餐65.9元，单人午餐71.9元，单人晚餐71.9元，单人晚餐75.9元;,周一至周日 11:00-21:00,0898-66835884,15910,,,False,0,353,15910,False,False
椰语堂(中山骑楼店),6770399,面包甜点,椰语堂,667807,,4.5,24,13.8,滨海大道东段,5314,20.043489,110.343475,龙华区中山路骑楼老街50-2号,,,,13.8元椰子很芒，15.8元椰奶冰冰清补凉;,周一至周日 10:00-23:00,0898-31859881,15896,椰语堂专门开发海南热带原生态特色饮品和海南本土传统特色各式粗粮点心，通过科学合理的营养配搭，做好的原生态健康休闲饮品。在海南，一种淳朴、自然、悠闲的生活方式直逼心灵，一种安静的力量穿透人的灵魂；在椰语堂，一种甜蜜、美妙、健康的滋味直达心底，一种悠闲的感觉驻扎在身体之中,,False,1,110,15896,True,False
HiTea海茶(坡博店),164208068,奶茶/果汁,,0,,5,13,3.99,龙昆南路,5312,20.004071,110.337466,龙华区坡博路6号自游岛酒店428房,,,,3.9元新店特惠二选一，7.9元招牌三选一，7.9元招牌三选一，8.9元招牌柠檬三选一，9.9元〔海茶招牌〕海盐草莓，9.9元招牌特饮二选一，9.9元海盐葡萄，9.9元芒芒波波椰奶二选一，9.9元蜜桃多肉波波，9.9元续命维C鲜橙，9.9元暖冬，10.8元续命莓莓酸奶二选一，10.8元爆款五选一，11.8元盒子蛋糕3选1;16代20元;,周一至周日 09:00-01:00,18089853636,15891,,,False,1,187,15891,False,False
椰子印象椰子鸡(友谊阳光城店),163248690,海南菜,,0,,3.6,68,90,新友谊阳光城,5312,20.02339,110.324128,龙华区金龙路2号友谊阳光城6A层中庭,6A,,,4人餐258元，6人餐293元;90代100元;,周一至周日 11:00-22:00,0898-68521985,15869,,,False,0,87,15869,False,False
HiTea海茶(海彤路店),164250054,奶茶/果汁,,0,,4.9,13,3.99,海甸岛,5313,20.05252,110.354288,美兰区海甸二东路43号（与海彤路交叉处，中国民生银行旁边）,,,,3.9元新店特惠二选一，7.9元招牌三选一，7.9元招牌三选一，8.9元招牌柠檬三选一，9.9元〔海茶招牌〕海盐草莓，9.9元招牌特饮二选一，9.9元海盐葡萄，9.9元芒芒波波椰奶二选一，9.9元蜜桃多肉波波，9.9元续命维C鲜橙，9.9元暖冬，10.8元续命莓莓酸奶二选一，10.8元爆款五选一，11.8元盒子蛋糕3选1;16代20元;,周一至周日 09:00-01:00,18389245321,15849,,,False,1,183,15849,False,False
蓉都宽窄巷子火锅店,165162523,四川火锅,,0,,5,68,78,复兴城,5312,20.038619,110.318937,龙华区滨海大道32号复兴城D座（鼎品鲜后面）,,,,双人餐158元，4人餐268元，6人餐368元;78代100元，89代100元;,周一至周日 11:00-14:00 17:00-22:00,0898-66773151,15834,,,False,0,114,15834,False,False
